CODEBASE,H_CNT,H_BED,OLDW_CNT,TYPE6,TYPE3,TYPE4,TYPE5,TYPE7,ECARE_CNT
A1801-0148-00,0,0,0,0,0,0,0,0,0
A1801-0151-00,0,0,0,0,0,0,0,0,0
A1801-0152-00,3,0,0,0,0,0,0,0,0
A1801-0157-00,0,0,0,0,0,0,0,0,0
A1801-0162-00,0,0,0,0,0,0,0,0,0
A1801-0163-00,0,0,0,0,0,0,0,0,0
A1801-0168-00,0,0,0,0,0,0,0,0,0
A1801-0172-00,0,0,0,0,0,0,0,0,0
A1801-0173-00,0,0,0,0,0,0,0,0,0
A1801-0179-00,0,0,0,0,0,0,0,0,0
A1801-0181-00,0,0,0,0,0,0,0,0,0
A1801-0187-00,0,0,0,0,0,0,0,0,0
A1801-0191-00,0,0,0,0,0,0,0,0,0
A1801-0192-00,3,1,0,0,0,0,0,0,0
A1801-0194-00,1,0,0,0,0,0,0,0,0
A1801-0196-00,0,0,0,0,0,0,0,0,0
A1801-0197-00,0,0,0,0,0,0,0,0,0
A1801-0199-00,1,0,0,0,0,0,0,0,0
A1801-0204-00,4,2,0,0,0,0,0,0,0
A1801-0207-00,0,0,0,0,0,0,0,0,0
A1801-0213-00,0,0,0,0,0,0,0,0,0
A1801-0218-00,0,0,0,0,0,0,0,0,0
A1801-0220-00,0,0,0,0,0,0,0,0,0
A1801-0227-00,0,0,0,0,0,0,0,0,0
A1801-0228-00,0,0,0,0,0,0,0,0,0
A1801-0229-00,0,0,0,0,0,0,0,0,0
A1801-0230-00,0,0,0,0,0,0,0,0,0
A1801-0235-00,0,0,0,0,0,0,0,0,0
A1801-0237-00,0,0,0,0,0,0,0,0,0
A1801-0238-00,0,0,0,0,0,0,0,0,0
A1801-0241-00,0,0,0,0,0,0,0,0,0
A1801-0247-00,0,0,0,0,0,0,0,0,0
A1801-0154-00,2,0,0,0,0,0,0,0,0
A1801-0156-00,0,0,0,0,0,0,0,0,0
A1801-0159-00,0,0,0,0,0,0,0,0,0
A1801-0178-00,0,0,0,0,0,0,0,0,0
A1801-0186-00,1,1,0,0,0,0,0,0,0
A1801-0200-00,0,0,0,0,0,0,0,0,0
A1801-0201-00,2,65,0,0,0,0,0,0,0
A1801-0208-00,0,0,0,0,0,0,0,0,0
A1801-0210-00,0,0,0,0,0,0,0,0,0
A1801-0215-00,5,1,0,0,0,0,0,0,0
A1801-0217-00,2,0,0,0,0,0,0,0,0
A1801-0219-00,0,0,0,0,0,0,0,0,0
A1801-0223-00,0,0,0,0,0,0,0,0,0
A1801-0233-00,0,0,0,0,0,0,0,0,0
A1801-0234-00,0,0,0,0,0,0,0,0,0
A1801-0251-00,0,0,0,0,0,0,0,0,0
A1801-0253-00,0,0,0,0,0,0,0,0,0
A1801-0261-00,0,0,0,0,0,0,0,0,0
A1801-0268-00,0,0,0,0,0,0,0,0,0
A1801-0272-00,5,3,0,0,0,0,0,0,0
A1801-0275-00,0,0,0,0,0,0,0,0,0
A1801-0276-00,0,0,0,0,0,0,0,0,0
A1801-0277-00,0,0,0,0,0,0,0,0,0
A1801-0280-00,0,0,0,0,0,0,0,0,1
A1801-0283-00,1,0,0,0,0,0,0,0,0
A1801-0286-00,1,0,0,0,0,0,0,0,0
A1801-0290-00,1,0,0,0,0,0,0,0,0
A1801-0291-00,0,0,0,0,0,0,0,0,0
A1801-0295-00,1,2,0,0,0,0,0,0,0
A1801-0302-00,0,0,0,0,0,0,0,0,0
A1801-0303-00,0,0,0,0,0,0,0,0,0
A1801-0305-00,0,0,0,0,0,0,0,0,0
A1801-0145-00,1,0,0,0,0,0,0,0,0
A1801-0146-00,0,0,0,0,0,0,0,0,0
A1801-0147-00,0,0,0,0,0,0,0,0,0
A1801-0149-00,0,0,0,0,0,0,0,0,0
A1801-0155-00,0,0,0,0,0,0,0,0,0
A1801-0158-00,0,0,0,0,0,0,0,0,0
A1801-0160-00,3,3,0,0,0,0,0,0,0
A1801-0164-00,0,0,0,0,0,0,0,0,0
A1801-0165-00,0,0,0,0,0,0,0,0,0
A1801-0170-00,1,36,0,0,0,0,0,0,0
A1801-0174-00,4,1,0,0,0,0,0,0,0
A1801-0177-00,0,0,0,0,0,0,0,0,0
A1801-0180-00,0,0,0,0,0,0,0,0,0
A1801-0183-00,0,0,0,0,0,0,0,0,0
A1801-0184-00,0,0,0,0,0,0,0,0,0
A1801-0185-00,2,7,0,0,0,0,0,0,0
A1801-0190-00,0,0,0,0,0,0,0,0,0
A1801-0193-00,0,0,0,0,0,0,0,0,0
A1801-0198-00,0,0,0,0,0,0,0,0,0
A1801-0205-00,0,0,0,0,0,0,0,0,0
A1801-0206-00,0,0,0,0,0,0,0,0,0
A1801-0212-00,1,0,0,0,0,0,0,0,0
A1801-0214-00,0,0,0,0,0,0,0,0,0
A1801-0221-00,0,0,0,0,0,0,0,0,0
A1801-0222-00,1,0,0,0,0,0,0,0,0
A1801-0224-00,7,3,0,0,0,0,0,0,0
A1801-0226-00,2,9,0,0,0,0,0,0,0
A1801-0231-00,0,0,0,0,0,0,0,0,0
A1801-0232-00,0,0,0,0,0,0,0,0,0
A1801-0239-00,0,0,0,0,0,0,0,0,0
A1801-0243-00,0,0,0,0,0,0,0,0,0
A1801-0244-00,0,0,0,0,0,0,0,0,0
A1801-0307-00,0,0,0,0,0,0,0,0,0
A1801-0309-00,4,0,0,0,0,0,0,0,0
A1801-0310-00,0,0,0,0,0,0,0,0,0
A1801-0312-00,0,0,0,0,0,0,0,0,0
A1801-0330-00,0,0,0,0,0,0,0,0,0
A1801-0331-00,2,0,0,0,0,0,0,0,0
A1801-0341-00,1,0,0,0,0,0,0,0,0
A1801-0344-00,0,0,0,0,0,0,0,0,0
A1801-0345-00,4,1,0,0,0,0,0,0,0
A1801-0346-00,1,0,0,0,0,0,0,0,0
A1801-0357-00,0,0,0,0,0,0,0,0,0
A1801-0368-00,0,0,0,0,0,0,0,0,0
A1801-0378-00,0,0,0,0,0,0,0,0,0
A1801-0379-00,0,0,0,0,0,0,0,0,0
A1801-0383-00,0,0,0,0,0,0,0,0,0
A1801-0384-00,1,0,0,0,0,0,0,0,0
A1801-0385-00,0,0,0,0,0,0,0,0,0
A1801-0389-00,0,0,0,0,0,0,0,0,0
A1801-0402-00,0,0,0,0,0,0,0,0,0
A1801-0404-00,0,0,0,0,0,0,0,0,0
A1801-0413-00,0,0,0,0,0,0,0,0,0
A1801-0414-00,0,0,0,0,0,0,0,0,0
A1801-0416-00,0,0,0,0,0,0,0,0,0
A1801-0422-00,0,0,0,0,0,0,0,0,0
A1801-0424-00,1,0,0,0,0,0,0,0,0
A1801-0004-00,0,0,0,0,0,0,0,0,0
A1801-0007-00,0,0,0,0,0,0,0,0,0
A1801-0010-00,1,1,0,0,0,0,0,0,0
A1801-0015-00,0,0,0,0,0,0,0,0,0
A1801-0017-00,0,0,0,0,0,0,0,0,0
A1801-0029-00,0,0,0,0,0,0,0,0,1
A1801-0033-00,1,0,0,0,0,0,0,0,0
A1801-0248-00,0,0,0,0,0,0,0,0,0
A1801-0255-00,0,0,0,0,0,0,0,0,0
A1801-0257-00,0,0,0,0,0,0,0,0,0
A1801-0259-00,0,0,0,0,0,0,0,0,0
A1801-0262-00,0,0,0,0,0,0,0,0,0
A1801-0264-00,0,0,0,0,0,0,0,0,0
A1801-0269-00,0,0,0,0,0,0,0,0,0
A1801-0274-00,1,0,0,0,0,0,0,0,0
A1801-0288-00,0,0,0,0,0,0,0,0,0
A1801-0289-00,0,0,0,0,0,0,0,0,0
A1801-0292-00,3,15,0,0,0,0,0,0,0
A1801-0296-00,0,0,0,0,0,0,0,0,0
A1801-0306-00,0,0,0,0,0,0,0,0,0
A1801-0316-00,0,0,0,0,0,0,0,0,0
A1801-0323-00,0,0,0,0,0,0,0,0,0
A1801-0325-00,0,0,0,0,0,0,0,0,0
A1801-0327-00,0,0,0,0,0,0,0,0,0
A1801-0328-00,0,0,0,0,0,0,0,0,0
A1801-0329-00,0,0,0,0,0,0,0,0,0
A1801-0333-00,0,0,0,0,0,0,0,0,0
A1801-0336-00,0,0,0,0,0,0,0,0,0
A1801-0338-00,0,0,0,0,0,0,0,0,0
A1801-0340-00,0,0,0,0,0,0,0,0,0
A1801-0343-00,0,0,0,0,0,0,0,0,0
A1801-0351-00,2,0,0,0,0,0,0,0,0
A1801-0001-00,0,0,0,0,0,0,0,0,0
A1801-0006-00,0,0,0,0,0,0,0,0,0
A1801-0012-00,0,0,0,0,0,0,0,0,0
A1801-0016-00,0,0,0,0,0,0,0,0,0
A1801-0023-00,0,0,0,0,0,0,0,0,0
A1801-0037-00,1,0,0,0,0,0,0,0,0
A1801-0039-00,0,0,0,0,0,0,0,0,0
A1801-0035-00,0,0,0,0,0,0,0,0,0
A1801-0038-00,1,0,0,0,0,0,0,0,0
A1801-0041-00,1,15,0,0,0,0,0,0,0
A1801-0042-00,0,0,0,0,0,0,0,0,0
A1801-0043-00,0,0,0,0,0,0,0,0,0
A1801-0044-00,0,0,0,0,0,0,0,0,0
A1801-0045-00,0,0,0,0,0,0,0,0,0
A1801-0047-00,0,0,0,0,0,0,0,0,0
A1801-0057-00,1,0,0,0,0,0,0,0,0
A1801-0059-00,0,0,0,0,0,0,0,0,0
A1801-0062-00,0,0,0,0,0,0,0,0,0
A1801-0066-00,0,0,0,0,0,0,0,0,0
A1801-0067-00,0,0,0,0,0,0,0,0,0
A1801-0073-00,0,0,0,0,0,0,0,0,0
A1801-0092-00,1,0,0,0,0,0,0,0,0
A1801-0096-00,0,0,0,0,0,0,0,0,1
A1801-0098-00,1,0,0,0,0,0,0,0,0
A1801-0110-00,0,0,0,0,0,0,0,0,0
A1801-0111-00,0,0,0,0,0,0,0,0,0
A1801-0112-00,0,0,0,0,0,0,0,0,0
A1801-0120-00,0,0,0,0,0,0,0,0,0
A1801-0126-00,0,0,0,0,0,0,0,0,0
A1801-0136-00,1,0,0,0,0,0,0,0,0
A1801-0138-00,0,0,0,0,0,0,0,0,0
A1801-0140-00,0,0,0,0,0,0,0,0,0
A1801-0141-00,0,0,0,0,0,0,0,0,0
A1801-0142-00,0,0,0,0,0,0,0,0,0
A1801-0981-00,0,0,0,0,0,0,0,0,0
A1801-0988-00,0,0,0,0,0,0,0,0,0
A1801-0992-00,0,0,0,0,0,0,0,0,0
A1801-0996-00,0,0,0,0,0,0,0,0,0
A1801-1006-00,0,0,0,0,0,0,0,0,0
A1801-0245-00,0,0,0,0,0,0,0,0,0
A1801-0246-00,0,0,0,0,0,0,0,0,0
A1801-0250-00,0,0,0,0,0,0,0,0,0
A1801-0256-00,0,0,0,0,0,0,0,0,0
A1801-0258-00,0,0,0,0,0,0,0,0,0
A1801-0260-00,0,0,0,0,0,0,0,0,0
A1801-0267-00,0,0,0,0,0,0,0,0,0
A1801-0273-00,1,0,0,0,0,0,0,0,0
A1801-0278-00,6,10,0,0,0,0,0,0,0
A1801-0279-00,0,0,0,0,0,0,0,0,0
A1801-0284-00,0,0,0,0,0,0,0,0,0
A1801-0285-00,1,0,0,0,0,0,0,0,0
A1801-0298-00,0,0,0,0,0,0,0,0,0
A1801-0299-00,0,0,0,0,0,0,0,0,0
A1801-0300-00,0,0,0,0,0,0,0,0,0
A1801-0301-00,0,0,0,0,0,0,0,0,0
A1801-0308-00,0,0,0,0,0,0,0,0,0
A1801-0311-00,4,0,0,0,0,0,0,0,0
A1801-0314-00,0,0,0,0,0,0,0,0,0
A1801-0315-00,2,0,0,0,0,0,0,0,0
A1801-0317-00,0,0,0,0,0,0,0,0,0
A1801-0318-00,1,0,0,0,0,0,0,0,0
A1801-0319-00,5,0,0,0,0,0,0,0,0
A1801-0326-00,2,0,0,0,0,0,0,0,0
A1801-0334-00,0,0,0,0,0,0,0,0,0
A1801-0002-00,0,0,0,0,0,0,0,0,0
A1801-0003-00,0,0,0,0,0,0,0,0,0
A1801-0005-00,0,0,0,0,0,0,0,0,0
A1801-0009-00,0,0,0,0,0,0,0,0,0
A1801-0011-00,0,0,0,0,0,0,0,0,0
A1801-0013-00,0,0,0,0,0,0,0,0,0
A1801-0014-00,0,0,0,0,0,0,0,0,0
A1801-0040-00,0,0,0,0,0,0,0,0,0
A1801-0051-00,0,0,0,0,0,0,0,0,0
A1801-0058-00,0,0,0,0,0,0,0,0,0
A1801-0060-00,0,0,0,0,0,0,0,0,0
A1801-0071-00,0,0,0,0,0,0,0,0,0
A1801-0072-00,0,0,0,0,0,0,0,0,0
A1801-0074-00,0,0,0,0,0,0,0,0,0
A1801-0077-00,1,0,0,0,0,0,0,0,0
A1801-0082-00,0,0,0,0,0,0,0,0,0
A1801-0090-00,0,0,0,0,0,0,0,0,0
A1801-0091-00,0,0,0,0,0,0,0,0,0
A1801-0094-00,0,0,0,0,0,0,0,0,0
A1801-0099-00,0,0,0,0,0,0,0,0,0
A1801-0100-00,0,0,0,0,0,0,0,0,0
A1801-0102-00,0,0,0,0,0,0,0,0,0
A1801-0107-00,0,0,0,0,0,0,0,0,0
A1801-0108-00,0,0,0,0,0,0,0,0,0
A1801-0113-00,0,0,0,0,0,0,0,0,0
A1801-0115-00,0,0,0,0,0,0,0,0,0
A1801-0117-00,1,0,0,0,0,0,0,0,0
A1801-0118-00,0,0,0,0,0,0,0,0,0
A1801-0119-00,0,0,0,0,0,0,0,0,0
A1801-0121-00,0,0,0,0,0,0,0,0,0
A1801-0124-00,1,0,0,0,0,0,0,0,0
A1801-0128-00,0,0,0,0,0,0,0,0,0
A1801-0130-00,0,0,0,0,0,0,0,0,0
A1801-0131-00,0,0,0,0,0,0,0,0,0
A1801-0134-00,0,0,0,0,0,0,0,0,1
A1801-0143-00,0,0,0,0,0,0,0,0,0
A1801-0144-00,1,0,0,0,0,0,0,0,0
A1801-0977-00,0,0,0,0,0,0,0,0,0
A1801-0984-00,0,0,0,0,0,0,0,0,0
A1801-0987-00,0,0,0,0,0,0,0,0,0
A1801-0989-00,0,0,0,0,0,0,0,0,0
A1801-0993-00,0,0,0,0,0,0,0,0,0
A1801-0997-00,0,0,0,0,0,0,0,0,0
A1801-0999-00,0,0,0,0,0,0,0,0,0
A1801-1001-00,0,0,0,0,0,0,0,0,0
A1801-1004-00,1,0,0,0,0,0,0,0,0
A1801-1005-00,0,0,0,0,0,0,0,0,0
A1801-1020-00,0,0,0,0,0,0,0,0,0
A1801-1027-00,0,0,0,0,0,0,0,0,0
A1801-1030-00,0,0,0,0,0,0,0,0,0
A1801-1031-00,0,0,0,0,0,0,0,0,0
A1801-1044-00,0,0,0,0,0,0,0,0,0
A1801-1045-00,0,0,0,0,0,0,0,0,0
A1801-1047-00,0,0,0,0,0,0,0,0,0
A1801-1050-00,0,0,0,0,0,0,0,0,0
A1801-1055-00,0,0,0,0,0,0,0,0,0
A1801-1059-00,0,0,0,0,0,0,0,0,0
A1801-0353-00,0,0,0,0,0,0,0,0,0
A1801-0354-00,0,0,0,0,0,0,0,0,0
A1801-0355-00,1,0,0,0,0,0,0,0,0
A1801-0359-00,0,0,0,0,0,0,0,0,0
A1801-0362-00,0,0,0,0,0,0,0,0,0
A1801-0365-00,0,0,0,0,0,0,0,0,0
A1801-0373-00,0,0,0,0,0,0,0,0,0
A1801-0382-00,0,0,0,0,0,0,0,0,0
A1801-0387-00,0,0,0,0,0,0,0,0,0
A1801-0388-00,0,0,0,0,0,0,0,0,0
A1801-0390-00,0,0,0,0,0,0,0,0,0
A1801-0392-00,0,0,0,0,0,0,0,0,0
A1801-0396-00,0,0,0,0,0,0,0,0,0
A1801-0401-00,0,0,0,0,0,0,0,0,0
A1801-0403-00,0,0,0,0,0,0,0,0,0
A1801-0406-00,0,0,0,0,0,0,0,0,0
A1801-0407-00,0,0,0,0,0,0,0,0,0
A1801-0411-00,0,0,0,0,0,0,0,0,0
A1801-0417-00,0,0,0,0,0,0,0,0,0
A1801-0421-00,0,0,0,0,0,0,0,0,0
A1801-0425-00,0,0,0,0,0,0,0,0,0
A1801-0426-00,0,0,0,0,0,0,0,0,0
A1801-0427-00,0,0,0,0,0,0,0,0,0
A1801-0435-00,2,0,0,0,0,0,0,0,0
A1801-0441-00,3,0,0,0,0,0,0,0,0
A1801-0442-00,1,0,0,0,0,0,0,0,0
A1801-0444-00,0,0,0,0,0,0,0,0,0
A1801-0445-00,0,0,0,0,0,0,0,0,0
A1801-0451-00,0,0,0,0,0,0,0,0,0
A1801-0453-00,0,0,0,0,0,0,0,0,0
A1801-0457-00,1,0,0,0,0,0,0,0,0
A1801-0460-00,0,0,0,0,0,0,0,0,0
A1801-0463-00,0,0,0,0,0,0,0,0,0
A1801-0474-00,0,0,0,0,0,0,0,0,0
A1801-0476-00,0,0,0,0,0,0,0,0,0
A1801-0487-00,0,0,0,0,0,0,0,0,0
A1801-0489-00,0,0,0,0,0,0,0,0,0
A1801-0491-00,1,0,1,0,1,0,0,0,0
A1801-0493-00,0,0,0,0,0,0,0,0,0
A1801-0500-00,1,0,0,0,0,0,0,0,0
A1801-0506-00,0,0,0,0,0,0,0,0,0
A1801-0509-00,0,0,0,0,0,0,0,0,0
A1801-0515-00,0,0,0,0,0,0,0,0,0
A1801-0522-00,0,0,0,0,0,0,0,0,0
A1801-0525-00,0,0,0,0,0,0,0,0,0
A1801-0526-00,0,0,0,0,0,0,0,0,0
A1801-1007-00,0,0,0,0,0,0,0,0,0
A1801-1009-00,0,0,0,0,0,0,0,0,0
A1801-1011-00,0,0,0,0,0,0,0,0,0
A1801-1012-00,0,0,0,0,0,0,0,0,0
A1801-1024-00,0,0,0,0,0,0,0,0,0
A1801-1029-00,0,0,0,0,0,0,0,0,0
A1801-1036-00,0,0,0,0,0,0,0,0,0
A1801-1037-00,0,0,0,0,0,0,0,0,0
A1801-1038-00,0,0,0,0,0,0,0,0,0
A1801-1039-00,0,0,0,0,0,0,0,0,0
A1801-1040-00,0,0,0,0,0,0,0,0,0
A1801-1042-00,0,0,0,0,0,0,0,0,0
A1801-1048-00,0,0,0,0,0,0,0,0,0
A1801-1051-00,0,0,0,0,0,0,0,0,0
A1801-1054-00,0,0,0,0,0,0,0,0,0
A1801-1058-00,0,0,0,0,0,0,0,0,0
A1801-1064-00,0,0,0,0,0,0,0,0,0
A1801-1069-00,0,0,0,0,0,0,0,0,0
A1801-0439-00,0,0,0,0,0,0,0,0,0
A1801-0443-00,0,0,0,0,0,0,0,0,0
A1801-0447-00,1,0,0,0,0,0,0,0,0
A1801-0448-00,0,0,0,0,0,0,0,0,0
A1801-0454-00,0,0,0,0,0,0,0,0,0
A1801-0458-00,1,0,0,0,0,0,0,0,0
A1801-0459-00,1,0,0,0,0,0,0,0,0
A1801-0465-00,0,0,0,0,0,0,0,0,0
A1801-0467-00,0,0,0,0,0,0,0,0,0
A1801-0470-00,0,0,0,0,0,0,0,0,0
A1801-0477-00,0,0,0,0,0,0,0,0,0
A1801-0480-00,2,0,0,0,0,0,0,0,0
A1801-0482-00,0,0,0,0,0,0,0,0,0
A1801-0486-00,0,0,0,0,0,0,0,0,0
A1801-0496-00,3,2,0,0,0,0,0,0,0
A1801-0497-00,1,0,0,0,0,0,0,0,0
A1801-0498-00,0,0,0,0,0,0,0,0,0
A1801-0502-00,0,0,0,0,0,0,0,0,0
A1801-0505-00,0,0,0,0,0,0,0,0,0
A1801-0507-00,0,0,0,0,0,0,0,0,0
A1801-0510-00,3,1,0,0,0,0,0,0,0
A1801-0514-00,0,0,0,0,0,0,0,0,0
A1801-0516-00,0,0,0,0,0,0,0,0,0
A1801-0517-00,0,0,0,0,0,0,0,0,0
A1801-0519-00,0,0,0,0,0,0,0,0,0
A1801-0524-00,0,0,0,0,0,0,0,0,0
A1801-0543-00,0,0,0,0,0,0,0,0,0
A1801-0545-00,0,0,0,0,0,0,0,0,0
A1801-0550-00,0,0,0,0,0,0,0,0,0
A1801-0557-00,0,0,0,0,0,0,0,0,0
A1803-0004-00,0,0,0,0,0,0,0,0,0
A1803-0024-00,0,0,0,0,0,0,0,0,0
A1803-0029-00,0,0,0,0,0,0,0,0,0
A1803-0030-00,0,0,0,0,0,0,0,0,0
A1803-0032-00,0,0,0,0,0,0,0,0,0
A1803-0033-00,0,0,0,0,0,0,0,0,0
A1803-0034-00,0,0,0,0,0,0,0,0,0
A1803-0036-00,0,0,0,0,0,0,0,0,0
A1803-0038-00,0,0,0,0,0,0,0,0,0
A1803-0040-00,0,0,0,0,0,0,0,0,0
A1803-0041-00,0,0,0,0,0,0,0,0,0
A1803-0051-00,0,0,0,0,0,0,0,0,0
A1803-0060-00,0,0,0,0,0,0,0,0,0
A1803-0061-00,0,0,0,0,0,0,0,0,0
A1803-0065-00,0,0,0,0,0,0,0,0,0
A1803-0073-00,0,0,0,0,0,0,0,0,0
A1801-0529-00,0,0,0,0,0,0,0,0,0
A1801-0539-00,1,0,0,0,0,0,0,0,0
A1801-0549-00,0,0,0,0,0,0,0,0,0
A1801-0553-00,0,0,0,0,0,0,0,0,0
A1801-0554-00,0,0,0,0,0,0,0,0,0
A1801-0556-00,0,0,0,0,0,0,0,0,0
A1801-0558-00,0,0,0,0,0,0,0,0,0
A1803-0008-00,0,0,0,0,0,0,0,0,0
A1803-0014-00,0,0,0,0,0,0,0,0,0
A1803-0015-00,0,0,0,0,0,0,0,0,0
A1803-0016-00,0,0,0,0,0,0,0,0,0
A1801-1062-00,0,0,0,0,0,0,0,0,0
A1801-1063-00,0,0,0,0,0,0,0,0,0
A1801-1068-00,0,0,0,0,0,0,0,0,0
A1801-1070-00,0,0,0,0,0,0,0,0,0
A1801-1072-00,0,0,0,0,0,0,0,0,0
A1801-1074-00,0,0,0,0,0,0,0,0,0
A1801-1077-00,0,0,0,0,0,0,0,0,0
A1801-1085-00,0,0,0,0,0,0,0,0,0
A1801-1086-00,0,0,0,0,0,0,0,0,0
A1801-1087-00,0,0,0,0,0,0,0,0,0
A1801-1088-00,0,0,0,0,0,0,0,0,0
A1801-1090-00,0,0,0,0,0,0,0,0,0
A1802-0003-00,0,0,0,0,0,0,0,0,0
A1802-0004-00,0,0,0,0,0,0,0,0,0
A1802-0007-00,0,0,0,0,0,0,0,0,0
A1802-0008-00,0,0,0,0,0,0,0,0,0
A1802-0012-00,0,0,0,0,0,0,0,0,0
A1802-0013-00,0,0,0,0,0,0,0,0,0
A1802-0014-00,0,0,0,0,0,0,0,0,0
A1802-0024-00,0,0,0,0,0,0,0,0,0
A1802-0025-00,0,0,0,0,0,0,0,0,0
A1803-0075-00,0,0,0,0,0,0,0,0,0
A1803-0077-00,0,0,0,0,0,0,0,0,0
A1803-0081-00,0,0,0,0,0,0,0,0,0
A1803-0086-00,0,0,0,0,0,0,0,0,0
A1803-0089-00,0,0,0,0,0,0,0,0,0
A1803-0090-00,0,0,0,0,0,0,0,0,0
A1803-0095-00,0,0,0,0,0,0,0,0,0
A1803-0096-00,0,0,0,0,0,0,0,0,0
A1803-0098-00,0,0,0,0,0,0,0,0,0
A1803-0101-00,0,0,0,0,0,0,0,0,0
A1803-0102-00,0,0,0,0,0,0,0,0,0
A1801-0563-00,0,0,0,0,0,0,0,0,0
A1801-0564-00,0,0,0,0,0,0,0,0,0
A1801-0565-00,0,0,0,0,0,0,0,0,0
A1801-0574-00,0,0,0,0,0,0,0,0,0
A1801-0576-00,0,0,0,0,0,0,0,0,0
A1801-0579-00,0,0,0,0,0,0,0,0,0
A1801-0581-00,0,0,0,0,0,0,0,0,0
A1801-0595-00,0,0,0,0,0,0,0,0,0
A1801-0596-00,0,0,0,0,0,0,0,0,0
A1801-0600-00,3,1,0,0,0,0,0,0,0
A1801-0605-00,0,0,0,0,0,0,0,0,0
A1801-0610-00,0,0,0,0,0,0,0,0,0
A1801-0618-00,0,0,0,0,0,0,0,0,0
A1801-0631-00,0,0,0,0,0,0,0,0,0
A1801-0632-00,0,0,0,0,0,0,0,0,0
A1801-0633-00,0,0,0,0,0,0,0,0,0
A1801-0634-00,0,0,0,0,0,0,0,0,0
A1801-0636-00,0,0,0,0,0,0,0,0,0
A1801-0638-00,0,0,0,0,0,0,0,0,0
A1801-0640-00,0,0,0,0,0,0,0,0,0
A1801-0644-00,0,0,0,0,0,0,0,0,0
A1802-0029-00,0,0,0,0,0,0,0,0,0
A1802-0030-00,0,0,0,0,0,0,0,0,0
A1802-0033-00,0,0,0,0,0,0,0,0,0
A1802-0036-00,0,0,0,0,0,0,0,0,0
A1802-0037-00,0,0,0,0,0,0,0,0,0
A1802-0038-00,0,0,0,0,0,0,0,0,0
A1802-0040-00,0,0,0,0,0,0,0,0,0
A1802-0042-00,0,0,0,0,0,0,0,0,0
A1802-0043-00,0,0,0,0,0,0,0,0,0
A1802-0045-00,0,0,0,0,0,0,0,0,0
A1802-0056-00,0,0,0,0,0,0,0,0,0
A1802-0059-00,0,0,0,0,0,0,0,0,0
A1802-0060-00,0,0,0,0,0,0,0,0,0
A1802-0065-00,0,0,0,0,0,0,0,0,0
A1802-0072-00,0,0,0,0,0,0,0,0,0
A1802-0074-00,0,0,0,0,0,0,0,0,0
A1802-0076-00,0,0,0,0,0,0,0,0,0
A1802-0077-00,0,0,2,0,2,0,0,0,0
A1802-0084-00,0,0,0,0,0,0,0,0,0
A1802-0086-00,0,0,0,0,0,0,0,0,0
A1802-0089-00,0,0,0,0,0,0,0,0,0
A1802-0090-00,0,0,0,0,0,0,0,0,0
A1802-0112-00,0,0,0,0,0,0,0,0,0
A1802-0119-00,0,0,0,0,0,0,0,0,0
A1802-0122-00,0,0,0,0,0,0,0,0,0
A1802-0129-00,0,0,0,0,0,0,0,0,0
A1802-0130-00,0,0,0,0,0,0,0,0,0
A1802-0133-00,0,0,0,0,0,0,0,0,0
A1802-0135-00,0,0,0,0,0,0,0,0,0
A1802-0143-00,0,0,0,0,0,0,0,0,0
A1802-0146-00,0,0,0,0,0,0,0,0,0
A1802-0149-00,0,0,0,0,0,0,0,0,0
A1801-0646-00,0,0,0,0,0,0,0,0,0
A1801-0654-00,0,0,0,0,0,0,0,0,0
A1801-0656-00,0,0,0,0,0,0,0,0,0
A1801-0658-00,0,0,0,0,0,0,0,0,0
A1801-0659-00,0,0,0,0,0,0,0,0,0
A1801-0660-00,0,0,0,0,0,0,0,0,0
A1801-0666-00,0,0,0,0,0,0,0,0,0
A1801-0673-00,0,0,0,0,0,0,0,0,0
A1801-0675-00,1,0,0,0,0,0,0,0,0
A1801-0678-00,0,0,0,0,0,0,0,0,0
A1801-0682-00,0,0,0,0,0,0,0,0,0
A1801-0688-00,0,0,0,0,0,0,0,0,0
A1801-0693-00,0,0,0,0,0,0,0,0,0
A1801-0694-00,1,0,0,0,0,0,0,0,0
A1801-0696-00,0,0,0,0,0,0,0,0,0
A1801-0699-00,0,0,0,0,0,0,0,0,0
A1801-0701-00,0,0,0,0,0,0,0,0,0
A1801-0706-00,0,0,0,0,0,0,0,0,0
A1801-0711-00,0,0,0,0,0,0,0,0,0
A1801-0713-00,0,0,0,0,0,0,0,0,0
A1801-0718-00,0,0,0,0,0,0,0,0,0
A1801-0720-00,0,0,0,0,0,0,0,0,0
A1801-0722-00,0,0,0,0,0,0,0,0,0
A1801-0725-00,0,0,0,0,0,0,0,0,0
A1801-0728-00,0,0,0,0,0,0,0,0,0
A1801-0733-00,0,0,0,0,0,0,0,0,0
A1801-0739-00,0,0,0,0,0,0,0,0,0
A1801-0744-00,0,0,0,0,0,0,0,0,0
A1801-0746-00,0,0,0,0,0,0,0,0,0
A1801-0747-00,0,0,0,0,0,0,0,0,0
A1801-0751-00,0,0,0,0,0,0,0,0,0
A1801-0754-00,0,0,0,0,0,0,0,0,0
A1802-0151-00,0,0,0,0,0,0,0,0,0
A1802-0154-00,0,0,0,0,0,0,0,0,0
A1802-0155-00,0,0,0,0,0,0,0,0,0
A1802-0166-00,0,0,0,0,0,0,0,0,0
A1801-0561-00,0,0,0,0,0,0,0,0,0
A1801-0566-00,0,0,0,0,0,0,0,0,0
A1801-0567-00,0,0,0,0,0,0,0,0,0
A1801-0568-00,0,0,0,0,0,0,0,0,0
A1801-0573-00,1,0,0,0,0,0,0,0,0
A1801-0577-00,0,0,0,0,0,0,0,0,0
A1801-0578-00,4,1,0,0,0,0,0,0,0
A1801-0583-00,0,0,0,0,0,0,0,0,0
A1801-0592-00,1,0,0,0,0,0,0,0,0
A1801-0599-00,0,0,0,0,0,0,0,0,0
A1801-0606-00,0,0,0,0,0,0,0,0,0
A1801-0607-00,0,0,0,0,0,0,0,0,0
A1801-0608-00,0,0,0,0,0,0,0,0,0
A1801-0609-00,0,0,0,0,0,0,0,0,0
A1801-0611-00,0,0,0,0,0,0,0,0,0
A1801-0614-01,0,0,0,0,0,0,0,0,0
A1801-0616-00,0,0,0,0,0,0,0,0,0
A1801-0621-00,1,0,0,0,0,0,0,0,0
A1801-0622-00,0,0,0,0,0,0,0,0,0
A1801-0626-00,0,0,0,0,0,0,0,0,0
A1801-0629-00,0,0,0,0,0,0,0,0,0
A1801-0642-00,0,0,0,0,0,0,0,0,0
A1801-0652-00,0,0,0,0,0,0,0,0,0
A1801-0653-00,0,0,0,0,0,0,0,0,0
A1801-0657-00,0,0,0,0,0,0,0,0,0
A1801-0664-00,0,0,0,0,0,0,0,1,0
A1801-0667-00,0,0,0,0,0,0,0,0,0
A1801-0669-00,0,0,0,0,0,0,0,0,0
A1801-0019-00,0,0,0,0,0,0,0,0,0
A1801-0022-00,1,0,0,0,0,0,0,0,0
A1801-0030-00,0,0,0,0,0,0,0,0,0
A1801-0031-00,0,0,0,0,0,0,0,0,0
A1801-0032-00,0,0,0,0,0,0,0,0,0
A1801-0036-00,0,0,0,0,0,0,0,0,0
A1801-0048-00,2,19,0,0,0,0,0,0,0
A1801-0053-00,0,0,0,0,0,0,0,0,0
A1801-0055-00,0,0,0,0,0,0,0,0,0
A1801-0056-00,0,0,0,0,0,0,0,0,0
A1801-0076-00,0,0,0,0,0,0,0,0,0
A1801-0078-00,2,0,0,0,0,0,0,0,0
A1801-0079-00,2,0,0,0,0,0,0,0,0
A1801-0080-00,1,0,0,0,0,0,0,0,0
A1801-0084-00,0,0,0,0,0,0,0,0,0
A1801-0085-00,0,0,0,0,0,0,0,0,0
A1801-0086-00,0,0,0,0,0,0,0,0,0
A1801-0088-00,0,0,0,0,0,0,0,0,1
A1801-0103-00,0,0,0,0,0,0,0,0,0
A1801-0104-00,0,0,0,0,0,0,0,0,0
A1801-0109-00,0,0,0,0,0,0,0,0,0
A1801-0122-00,0,0,0,0,0,0,0,0,0
A1801-0123-00,1,0,0,0,0,0,0,0,0
A1801-0133-00,1,0,0,0,0,0,0,0,0
A1801-0139-00,0,0,0,0,0,0,0,0,0
A1801-0980-00,1,0,0,0,0,0,0,0,0
A1801-0982-00,0,0,0,0,0,0,0,0,0
A1801-0986-00,0,0,0,0,0,0,0,0,0
A1801-0990-00,0,0,0,0,0,0,0,0,0
A1801-0995-00,0,0,0,0,0,0,0,0,0
A1801-1000-00,0,0,0,0,0,0,0,0,0
A1801-1002-00,0,0,0,0,0,0,0,0,0
A1801-0671-00,0,0,0,0,0,0,0,0,0
A1801-0674-00,0,0,0,0,0,0,0,0,0
A1801-0679-00,0,0,0,0,0,0,0,0,0
A1801-0681-00,0,0,0,0,0,0,0,0,0
A1801-0684-00,0,0,0,0,0,0,0,0,0
A1801-0685-00,0,0,0,0,0,0,0,0,0
A1801-0690-00,0,0,0,0,0,0,0,0,0
A1801-0691-00,0,0,0,0,0,0,0,0,0
A1801-0692-00,0,0,0,0,0,0,0,0,0
A1801-0702-00,0,0,0,0,0,0,0,0,0
A1801-0705-00,0,0,0,0,0,0,0,0,0
A1801-0707-00,0,0,0,0,0,0,0,0,0
A1801-0710-00,0,0,0,0,0,0,0,0,0
A1801-0715-00,0,0,0,0,0,0,0,0,0
A1801-0717-00,0,0,0,0,0,0,0,0,0
A1801-0719-00,0,0,0,0,0,0,0,0,0
A1801-0721-00,0,0,0,0,0,0,0,0,0
A1801-0724-00,0,0,0,0,0,0,0,0,0
A1801-0726-00,0,0,0,0,0,0,0,0,0
A1801-0734-00,0,0,0,0,0,0,0,0,0
A1801-0735-00,0,0,0,0,0,0,0,0,0
A1801-0740-00,0,0,0,0,0,0,0,0,0
A1801-0741-00,0,0,0,0,0,0,0,0,0
A1801-0743-00,0,0,0,0,0,0,0,0,0
A1801-0745-00,0,0,0,0,0,0,0,0,0
A1801-0748-00,0,0,0,0,0,0,0,0,0
A1801-0757-00,1,1,0,0,0,0,0,0,0
A1801-0764-00,0,0,0,0,0,0,0,0,0
A1801-0768-00,0,0,0,0,0,0,0,0,0
A1803-0019-00,0,0,0,0,0,0,0,0,0
A1803-0020-00,0,0,0,0,0,0,0,0,0
A1803-0042-00,0,0,0,0,0,0,0,0,0
A1803-0044-00,0,0,0,0,0,0,0,0,0
A1803-0046-00,0,0,0,0,0,0,0,0,0
A1803-0050-00,0,0,0,0,0,0,0,0,0
A1803-0054-00,0,0,0,0,0,0,0,0,0
A1803-0057-00,0,0,0,0,0,0,0,0,0
A1803-0059-00,0,0,0,0,0,0,0,0,0
A1803-0067-00,0,0,0,0,0,0,0,0,0
A1803-0070-00,0,0,0,0,0,0,0,0,0
A1803-0074-00,0,0,0,0,0,0,0,0,0
A1803-0079-00,0,0,0,0,0,0,0,0,0
A1803-0083-00,0,0,0,0,0,0,0,0,0
A1803-0088-00,0,0,0,0,0,0,0,0,0
A1803-0092-00,0,0,0,0,0,0,0,0,0
A1803-0097-00,0,0,0,0,0,0,0,0,0
A1803-0100-00,0,0,0,0,0,0,0,0,0
A1803-0103-00,0,0,0,0,0,0,0,0,0
A1803-0108-00,0,0,0,0,0,0,0,0,0
A1803-0114-00,0,0,0,0,0,0,0,0,0
A1803-0116-00,0,0,0,0,0,0,0,0,0
A1803-0118-00,0,0,0,0,0,0,0,0,0
A1803-0120-00,2,0,0,0,0,0,0,0,0
A1803-0125-00,0,0,0,0,0,0,0,0,0
A1803-0127-00,0,0,0,0,0,0,0,0,0
A1803-0130-00,0,0,0,0,0,0,0,0,0
A1803-0133-00,0,0,0,0,0,0,0,0,0
A1803-0135-00,0,0,0,0,0,0,0,0,0
A1803-0141-00,0,0,0,0,0,0,0,0,0
A1803-0150-00,0,0,0,0,0,0,0,0,0
A1803-0154-00,0,0,0,0,0,0,0,0,0
A1803-0158-00,0,0,0,0,0,0,0,0,0
A1803-0159-00,0,0,0,0,0,0,0,0,0
A1803-0173-00,0,0,0,0,0,0,0,0,0
A1801-1003-00,0,0,0,0,0,0,0,0,0
A1801-1013-00,0,0,0,0,0,0,0,0,0
A1801-1014-00,0,0,0,0,0,0,0,0,0
A1801-1018-00,1,0,0,0,0,0,0,0,0
A1801-1019-00,0,0,0,0,0,0,0,0,0
A1801-1021-00,0,0,0,0,0,0,0,0,0
A1801-1023-00,0,0,0,0,0,0,0,0,0
A1801-1028-00,0,0,0,0,0,0,0,0,0
A1801-1032-00,0,0,0,0,0,0,0,0,0
A1801-1033-00,0,0,0,0,0,0,0,0,0
A1801-1043-00,0,0,0,0,0,0,0,0,0
A1801-1046-00,0,0,0,0,0,0,0,0,0
A1801-1049-00,0,0,0,0,0,0,0,0,0
A1801-1053-00,0,0,0,0,0,0,0,0,0
A1801-1056-00,0,0,0,0,0,0,0,0,0
A1801-1060-00,0,0,0,0,0,0,0,0,0
A1801-1061-00,0,0,1,0,1,0,0,0,0
A1801-1066-00,0,0,0,0,0,0,0,0,0
A1801-0335-00,0,0,0,0,0,0,0,0,0
A1801-0342-00,0,0,0,0,0,0,0,0,0
A1801-0348-00,0,0,0,0,0,0,0,0,0
A1801-0350-00,0,0,0,0,0,0,0,0,0
A1801-0358-00,0,0,0,0,0,0,0,0,0
A1801-0369-00,0,0,0,0,0,0,0,0,0
A1801-0372-00,0,0,0,0,0,0,0,0,0
A1801-0376-00,1,0,0,0,0,0,0,0,0
A1801-0380-00,0,0,0,0,0,0,0,0,0
A1801-0381-00,0,0,0,0,0,0,0,0,0
A1801-0386-00,0,0,0,0,0,0,0,0,0
A1801-0393-00,0,0,0,0,0,0,0,0,0
A1801-0397-00,1,0,0,0,0,0,0,0,0
A1801-0405-00,0,0,0,0,0,0,0,0,0
A1803-0176-00,0,0,0,0,0,0,0,0,0
A1803-0178-00,0,0,0,0,0,0,0,0,0
A1803-0182-00,0,0,0,0,0,0,0,0,0
A1803-0191-00,1,0,0,0,0,0,0,0,0
A1803-0200-00,1,0,0,0,0,0,0,0,0
A1803-0202-00,0,0,0,0,0,0,0,0,1
A1803-0205-00,0,0,0,0,0,0,0,0,0
A1803-0207-00,0,0,0,0,0,0,0,0,0
A1803-0214-00,0,0,0,0,0,0,0,0,0
A1803-0220-00,0,0,0,0,0,0,0,0,0
A1803-0225-00,0,0,0,0,0,0,0,0,0
A1803-0228-00,0,0,0,0,0,0,0,0,0
A1803-0236-00,0,0,0,0,0,0,0,0,0
A1803-0237-00,0,0,0,0,0,0,0,0,0
A1803-0239-00,0,0,1,0,1,0,0,0,0
A1803-0242-00,0,0,0,0,0,0,0,0,1
A1803-0245-00,0,0,0,0,0,0,0,0,0
A1803-0246-00,0,0,0,0,0,0,0,0,0
A1803-0255-00,0,0,0,0,0,0,0,0,0
A1803-0256-00,0,0,0,0,0,0,0,0,0
A1803-0257-00,0,0,0,0,0,0,0,0,0
A1803-0268-00,0,0,0,0,0,0,0,0,0
A1801-0774-00,0,0,0,0,0,0,0,0,0
A1801-0777-00,0,0,0,0,0,0,0,0,0
A1801-0787-00,0,0,0,0,0,0,0,0,0
A1801-0788-00,0,0,0,0,0,0,0,0,0
A1801-0791-00,1,0,0,0,0,0,0,0,0
A1801-0798-00,2,2,0,0,0,0,0,0,0
A1801-0799-00,0,0,0,0,0,0,0,0,0
A1801-0801-00,0,0,0,0,0,0,0,0,0
A1801-0807-00,0,0,0,0,0,0,0,0,0
A1801-0808-00,0,0,0,0,0,0,0,0,0
A1801-0760-00,0,0,0,0,0,0,0,0,0
A1801-0762-00,0,0,0,0,0,0,0,0,0
A1801-0763-00,1,0,0,0,0,0,0,0,0
A1801-0765-00,3,19,0,0,0,0,0,0,0
A1801-1073-00,0,0,0,0,0,0,0,0,0
A1801-1075-00,0,0,0,0,0,0,0,0,0
A1801-1076-00,0,0,0,0,0,0,0,0,0
A1801-1079-00,0,0,0,0,0,0,0,0,0
A1801-1080-00,0,0,0,0,0,0,0,0,0
A1802-0001-00,0,0,0,0,0,0,0,0,0
A1802-0009-00,0,0,0,0,0,0,0,0,0
A1802-0010-00,0,0,0,0,0,0,0,0,0
A1802-0015-00,0,0,0,0,0,0,0,0,0
A1802-0018-00,0,0,0,0,0,0,0,0,0
A1802-0020-00,0,0,0,0,0,0,0,0,0
A1802-0044-00,0,0,0,0,0,0,0,0,0
A1802-0047-00,0,0,0,0,0,0,0,0,0
A1802-0050-00,0,0,0,0,0,0,0,0,0
A1802-0057-00,0,0,0,0,0,0,0,0,0
A1802-0058-00,0,0,0,0,0,0,0,0,0
A1802-0063-00,0,0,0,0,0,0,0,0,0
A1802-0064-00,0,0,0,0,0,0,0,0,0
A1802-0066-00,0,0,0,0,0,0,0,0,0
A1802-0067-00,0,0,0,0,0,0,0,0,0
A1802-0071-00,0,0,0,0,0,0,0,0,0
A1802-0073-00,0,0,0,0,0,0,0,0,0
A1802-0092-00,0,0,0,0,0,0,0,0,1
A1802-0098-00,0,0,0,0,0,0,0,0,0
A1802-0100-00,0,0,0,0,0,0,0,0,0
A1802-0102-00,0,0,0,0,0,0,0,0,0
A1802-0103-00,0,0,0,0,0,0,0,0,0
A1802-0105-00,0,0,0,0,0,0,0,0,0
A1801-0809-00,1,0,0,0,0,0,0,0,0
A1801-0815-00,0,0,0,0,0,0,0,0,0
A1801-0816-00,0,0,0,0,0,0,0,0,0
A1801-0821-00,0,0,0,0,0,0,0,0,0
A1801-0823-00,0,0,0,0,0,0,0,0,0
A1801-0825-00,2,0,0,0,0,0,0,0,0
A1801-0831-00,3,1,0,0,0,0,0,0,0
A1801-0834-00,0,0,0,0,0,0,0,0,0
A1801-0836-00,0,0,0,0,0,0,0,0,0
A1801-0839-00,0,0,0,0,0,0,0,0,0
A1801-0844-00,0,0,0,0,0,0,0,0,0
A1801-0845-00,0,0,0,0,0,0,0,0,0
A1801-0846-00,0,0,0,0,0,0,0,0,0
A1801-0847-00,0,0,0,0,0,0,0,0,0
A1801-0850-00,0,0,0,0,0,0,0,0,0
A1801-0856-00,0,0,0,0,0,0,0,0,0
A1801-0860-00,0,0,0,0,0,0,0,0,0
A1801-0862-00,0,0,0,0,0,0,0,0,0
A1801-0864-00,0,0,0,0,0,0,0,0,0
A1801-0867-00,0,0,0,0,0,0,0,0,0
A1801-0877-00,0,0,0,0,0,0,0,0,0
A1801-0878-00,3,0,0,0,0,0,0,0,0
A1801-0885-00,0,0,0,0,0,0,0,0,0
A1801-0889-00,0,0,0,0,0,0,0,0,0
A1801-0891-00,2,0,0,0,0,0,0,0,0
A1801-0893-00,0,0,0,0,0,0,0,0,1
A1801-0896-00,0,0,0,0,0,0,0,0,0
A1801-0900-00,0,0,0,0,0,0,0,0,0
A1801-0909-00,0,0,0,0,0,0,0,0,0
A1801-0913-00,0,0,0,0,0,0,0,0,0
A1801-0915-00,0,0,0,0,0,0,0,0,0
A1801-0916-00,0,0,0,0,0,0,0,0,0
A1801-0150-00,0,0,0,0,0,0,0,0,0
A1801-0153-00,0,0,0,0,0,0,0,0,0
A1801-0161-00,0,0,0,0,0,0,0,0,0
A1801-0166-00,1,3,0,0,0,0,0,0,0
A1801-0167-00,1,0,0,0,0,0,0,0,0
A1801-0169-00,0,0,0,0,0,0,0,0,0
A1801-0171-00,0,0,0,0,0,0,0,0,0
A1801-0175-00,1,0,0,0,0,0,0,0,0
A1801-0176-00,0,0,0,0,0,0,0,0,0
A1801-0182-00,0,0,0,0,0,0,0,0,0
A1801-0188-00,1,0,0,0,0,0,0,0,0
A1801-0189-00,0,0,0,0,0,0,0,0,0
A1801-0195-00,0,0,0,0,0,0,0,0,0
A1801-0202-00,0,0,0,0,0,0,0,0,0
A1801-0203-00,0,0,0,0,0,0,0,0,0
A1801-0209-00,0,0,0,0,0,0,0,0,0
A1801-0211-00,0,0,0,0,0,0,0,0,0
A1801-0216-00,0,0,0,0,0,0,0,0,0
A1801-0225-00,5,7,0,0,0,0,0,0,0
A1801-0236-00,1,0,0,0,0,0,0,0,0
A1801-0240-00,0,0,0,0,0,0,0,0,0
A1801-0242-00,0,0,0,0,0,0,0,0,0
A1801-0249-00,0,0,0,0,0,0,0,0,0
A1801-0252-00,1,0,0,0,0,0,0,0,0
A1801-0254-00,1,1,0,0,0,0,0,0,0
A1801-0263-00,0,0,0,0,0,0,0,0,0
A1801-0265-00,1,0,0,0,0,0,0,0,0
A1801-0266-00,0,0,0,0,0,0,0,0,0
A1801-0270-00,0,0,0,0,0,0,0,0,0
A1801-0271-00,0,0,0,0,0,0,0,0,0
A1801-0281-00,2,164,0,0,0,0,0,0,0
A1801-0282-00,1,0,0,0,0,0,0,0,0
A1801-0409-00,0,0,0,0,0,0,0,0,0
A1801-0410-00,1,0,0,0,0,0,0,0,0
A1801-0412-00,0,0,0,0,0,0,0,0,0
A1801-0415-00,0,0,0,0,0,0,0,0,0
A1801-0419-00,0,0,0,0,0,0,0,0,0
A1801-0429-00,0,0,0,0,0,0,0,0,0
A1801-0436-00,1,0,0,0,0,0,0,0,0
A1801-0437-00,0,0,0,0,0,0,0,0,0
A1801-0438-00,0,0,0,0,0,0,0,0,0
A1801-0440-00,0,0,0,0,0,0,0,0,0
A1801-0446-00,0,0,0,0,0,0,0,0,0
A1801-0452-00,1,0,0,0,0,0,0,0,1
A1801-0455-00,2,0,0,0,0,0,0,0,0
A1801-0461-00,0,0,0,0,0,0,0,0,0
A1801-0471-00,0,0,0,0,0,0,0,0,0
A1801-0472-00,0,0,0,0,0,0,0,0,0
A1801-0473-00,0,0,0,0,0,0,0,0,0
A1801-0475-00,0,0,0,0,0,0,0,0,0
A1801-0478-00,0,0,0,0,0,0,0,0,0
A1801-0479-00,0,0,0,0,0,0,0,0,0
A1801-0483-00,0,0,0,0,0,0,0,0,0
A1801-0484-00,0,0,0,0,0,0,0,0,0
A1801-0494-00,2,0,0,0,0,0,0,0,0
A1801-0499-00,0,0,0,0,0,0,0,0,0
A1801-0504-00,0,0,0,0,0,0,0,0,0
A1801-0508-00,0,0,0,0,0,0,0,0,0
A1801-0511-00,0,0,0,0,0,0,0,0,0
A1801-0512-00,0,0,0,0,0,0,0,0,0
A1801-0518-00,1,0,0,0,0,0,0,0,0
A1801-0520-00,0,0,0,0,0,0,0,0,0
A1801-0521-00,0,0,0,0,0,0,0,0,0
A1801-0523-00,0,0,0,0,0,0,0,0,0
A1801-0527-00,1,0,0,0,0,0,0,0,0
A1801-0528-00,1,2,0,0,0,0,0,0,0
A1801-0531-00,0,0,0,0,0,0,0,0,0
A1801-0535-00,0,0,0,0,0,0,0,0,0
A1801-0536-00,0,0,0,0,0,0,0,0,0
A1801-0537-00,0,0,0,0,0,0,0,0,0
A1801-0538-00,1,0,0,0,0,0,0,0,0
A1801-0540-00,0,0,0,0,0,0,0,0,0
A1801-0542-00,1,0,0,0,0,0,0,0,0
A1801-0546-00,0,0,0,0,0,0,0,0,0
A1801-0548-00,0,0,0,0,0,0,0,0,0
A1801-1081-00,0,0,0,0,0,0,0,0,0
A1801-1082-00,0,0,0,0,0,0,0,0,0
A1801-1083-00,0,0,0,0,0,0,0,0,0
A1801-1091-00,0,0,0,0,0,0,0,0,0
A1802-0002-00,0,0,0,0,0,0,0,0,0
A1802-0005-00,0,0,0,0,0,0,0,0,0
A1802-0006-00,0,0,0,0,0,0,0,0,0
A1802-0016-00,0,0,0,0,0,0,0,0,0
A1802-0017-00,0,0,0,0,0,0,0,0,0
A1802-0022-00,0,0,0,0,0,0,0,0,0
A1802-0027-00,0,0,0,0,0,0,0,0,0
A1802-0031-00,1,0,0,0,0,0,0,1,0
A1802-0032-00,0,0,0,0,0,0,0,0,0
A1802-0041-00,0,0,0,0,0,0,0,0,0
A1802-0048-00,0,0,0,0,0,0,0,0,0
A1802-0049-00,0,0,0,0,0,0,0,0,0
A1802-0053-00,0,0,0,0,0,0,0,0,0
A1802-0054-00,1,0,0,0,0,0,0,0,0
A1802-0055-00,0,0,0,0,0,0,0,0,0
A1802-0070-00,0,0,0,0,0,0,0,0,0
A1802-0075-00,0,0,0,0,0,0,0,0,0
A1801-0287-00,2,760,0,0,0,0,0,1,0
A1801-0293-00,2,0,0,0,0,0,0,0,0
A1801-0294-00,0,0,0,0,0,0,0,0,0
A1801-0297-00,1,1,0,0,0,0,0,0,0
A1801-0304-00,0,0,0,0,0,0,0,0,0
A1801-0313-00,1,0,0,0,0,0,0,0,1
A1801-0320-00,0,0,0,0,0,0,0,0,0
A1801-0321-00,2,0,0,0,0,0,0,0,0
A1801-0322-00,0,0,0,0,0,0,0,0,0
A1801-0324-00,0,0,0,0,0,0,0,0,0
A1801-0332-00,0,0,0,0,0,0,0,0,0
A1801-0337-00,0,0,0,0,0,0,0,0,0
A1801-0339-00,0,0,0,0,0,0,0,0,0
A1801-0347-00,1,0,0,0,0,0,0,0,0
A1801-0349-00,1,0,0,0,0,0,0,0,0
A1801-0352-00,0,0,0,0,0,0,0,0,0
A1801-0356-00,0,0,0,0,0,0,0,0,0
A1801-0360-00,0,0,0,0,0,0,0,0,0
A1801-0361-00,1,0,0,0,0,0,0,0,0
A1801-0363-00,0,0,0,0,0,0,0,0,0
A1801-0364-00,0,0,0,0,0,0,0,0,0
A1801-0366-00,0,0,0,0,0,0,0,0,0
A1801-0367-00,0,0,0,0,0,0,0,0,0
A1801-0370-00,0,0,0,0,0,0,0,0,0
A1801-0371-00,0,0,0,0,0,0,0,0,0
A1801-0008-00,0,0,0,0,0,0,0,0,0
A1801-0018-00,0,0,0,0,0,0,0,0,0
A1801-0020-00,0,0,0,0,0,0,0,0,0
A1801-0021-00,0,0,0,0,0,0,0,0,0
A1801-0024-00,0,0,0,0,0,0,0,0,0
A1801-0025-00,1,0,0,0,0,0,0,0,0
A1801-0026-00,0,0,0,0,0,0,0,0,0
A1802-0107-00,0,0,0,0,0,0,0,0,0
A1802-0109-00,0,0,0,0,0,0,0,0,0
A1802-0111-00,0,0,0,0,0,0,0,0,0
A1802-0116-00,0,0,0,0,0,0,0,0,0
A1802-0134-00,0,0,0,0,0,0,0,0,0
A1802-0136-00,0,0,0,0,0,0,0,0,0
A1802-0152-00,0,0,0,0,0,0,0,0,0
A1802-0157-00,0,0,0,0,0,0,0,0,0
A1802-0158-00,0,0,0,0,0,0,0,0,0
A1802-0160-00,0,0,0,0,0,0,0,0,0
A1802-0162-00,0,0,0,0,0,0,0,0,0
A1802-0164-00,0,0,0,0,0,0,0,0,0
A1802-0168-00,0,0,0,0,0,0,0,0,0
A1802-0169-00,0,0,0,0,0,0,0,0,0
A1802-0174-00,0,0,0,0,0,0,0,0,0
A1802-0175-00,0,0,0,0,0,0,0,0,0
A1802-0179-00,0,0,0,0,0,0,0,0,0
A1802-0181-00,0,0,0,0,0,0,0,0,0
A1802-0184-00,0,0,0,0,0,0,0,0,0
A1802-0186-00,0,0,0,0,0,0,0,0,0
A1802-0199-00,0,0,0,0,0,0,0,0,0
A1802-0202-00,0,0,0,0,0,0,0,0,0
A1802-0206-00,0,0,0,0,0,0,0,0,0
A1802-0211-00,0,0,0,0,0,0,0,0,0
A1802-0214-00,1,0,0,0,0,0,0,0,0
A1802-0234-00,0,0,0,0,0,0,0,0,0
A1802-0238-00,0,0,0,0,0,0,0,0,0
A1802-0239-00,2,0,0,0,0,0,0,0,0
A1802-0240-00,0,0,0,0,0,0,0,0,0
A1802-0304-00,0,0,0,0,0,0,0,0,0
A1802-0307-00,0,0,0,0,0,0,0,0,0
A1802-0308-00,0,0,0,0,0,0,0,0,0
A1802-0314-00,0,0,0,0,0,0,0,0,0
A1802-0315-00,0,0,0,0,0,0,0,0,0
A1802-0318-00,1,997,0,0,0,0,0,0,0
A1802-0319-00,0,0,0,0,0,0,0,0,0
A1802-0320-00,1,1,0,0,0,0,0,0,0
A1802-0321-00,0,0,0,0,0,0,0,0,0
A1802-0325-00,0,0,0,0,0,0,0,0,0
A1802-0330-00,0,0,0,0,0,0,0,0,0
A1802-0331-00,0,0,0,0,0,0,0,0,0
A1802-0332-00,0,0,0,0,0,0,0,0,0
A1802-0336-00,0,0,0,0,0,0,0,0,0
A1802-0339-00,0,0,0,0,0,0,0,0,0
A1802-0349-00,0,0,0,0,0,0,0,0,0
A1802-0353-00,0,0,0,0,0,0,0,0,0
A1802-0354-00,0,0,0,0,0,0,0,0,0
A1802-0358-00,0,0,0,0,0,0,0,0,0
A1802-0360-00,0,0,0,0,0,0,0,0,0
A1802-0365-00,0,0,0,0,0,0,0,0,0
A1802-0369-00,0,0,0,0,0,0,0,0,0
A1802-0372-00,1,0,0,0,0,0,0,0,0
A1802-0376-00,0,0,0,0,0,0,0,0,0
A1802-0378-00,0,0,0,0,0,0,0,0,0
A1802-0380-00,0,0,0,0,0,0,0,0,0
A1802-0381-00,0,0,0,0,0,0,0,0,0
A1802-0383-00,0,0,0,0,0,0,0,0,0
A1802-0388-00,0,0,0,0,0,0,0,0,0
A1802-0389-00,0,0,0,0,0,0,0,0,0
A1802-0400-00,0,0,0,0,0,0,0,0,0
A1802-0402-00,0,0,0,0,0,0,0,0,0
A1802-0403-00,0,0,0,0,0,0,0,0,0
A1802-0407-00,0,0,0,0,0,0,0,0,0
A1802-0418-00,0,0,0,0,0,0,0,0,0
A1801-0027-00,1,0,0,0,0,0,0,0,0
A1801-0028-00,0,0,0,0,0,0,0,0,0
A1801-0034-00,0,0,0,0,0,0,0,0,1
A1801-0046-00,0,0,0,0,0,0,0,0,0
A1801-0049-00,0,0,0,0,0,0,0,0,0
A1801-0050-00,0,0,0,0,0,0,0,0,0
A1801-0052-00,0,0,0,0,0,0,0,0,0
A1801-0054-00,2,7,0,0,0,0,0,0,0
A1801-0061-00,0,0,0,0,0,0,0,0,0
A1801-0063-00,0,0,0,0,0,0,0,0,0
A1801-0064-00,0,0,0,0,0,0,0,0,0
A1801-0065-00,1,1,0,0,0,0,0,0,0
A1801-0068-00,0,0,0,0,0,0,0,0,0
A1801-0069-00,0,0,0,0,0,0,0,0,0
A1801-0070-00,0,0,0,0,0,0,0,0,0
A1801-0075-00,1,42,0,0,0,0,0,0,0
A1801-0081-00,0,0,0,0,0,0,0,0,0
A1801-0083-00,0,0,0,0,0,0,0,0,0
A1801-0087-00,0,0,0,0,0,0,0,0,0
A1801-0089-00,0,0,0,0,0,0,0,0,0
A1801-0093-00,1,0,0,0,0,0,0,0,0
A1801-0095-00,1,0,0,0,0,0,0,0,0
A1801-0097-00,0,0,0,0,0,0,0,0,0
A1801-0101-00,0,0,0,0,0,0,0,0,0
A1801-0105-00,0,0,0,0,0,0,0,0,0
A1801-0106-00,0,0,0,0,0,0,0,0,0
A1801-0114-00,0,0,0,0,0,0,0,0,0
A1801-0116-00,0,0,0,0,0,0,0,0,0
A1801-0125-00,0,0,0,0,0,0,0,0,0
A1801-0127-00,0,0,0,0,0,0,0,0,0
A1801-0129-00,0,0,0,0,0,0,0,0,0
A1801-0132-00,0,0,0,0,0,0,0,0,0
A1802-0083-00,0,0,0,0,0,0,0,0,0
A1802-0087-00,0,0,0,0,0,0,0,0,0
A1802-0088-00,0,0,0,0,0,0,0,0,0
A1802-0091-00,0,0,0,0,0,0,0,0,0
A1802-0096-00,0,0,0,0,0,0,0,0,0
A1802-0097-00,0,0,0,0,0,0,0,0,0
A1802-0101-00,0,0,0,0,0,0,0,0,0
A1802-0104-00,0,0,0,0,0,0,0,0,0
A1802-0106-00,0,0,0,0,0,0,0,0,0
A1802-0113-00,1,0,0,0,0,0,0,0,0
A1802-0114-00,0,0,0,0,0,0,0,0,0
A1802-0115-00,0,0,0,0,0,0,0,0,0
A1802-0118-00,0,0,0,0,0,0,0,0,0
A1802-0124-00,0,0,0,0,0,0,0,0,0
A1802-0126-00,0,0,0,0,0,0,0,0,0
A1802-0137-00,0,0,0,0,0,0,0,0,0
A1802-0138-00,0,0,0,0,0,0,0,0,0
A1802-0142-00,0,0,0,0,0,0,0,0,0
A1802-0147-00,0,0,0,0,0,0,0,0,0
A1802-0150-00,0,0,0,0,0,0,0,0,0
A1802-0153-00,0,0,0,0,0,0,0,0,0
A1802-0156-00,0,0,0,0,0,0,0,0,0
A1802-0159-00,0,0,0,0,0,0,0,0,0
A1802-0161-00,0,0,0,0,0,0,0,0,0
A1802-0165-00,0,0,0,0,0,0,0,0,0
A1802-0167-00,0,0,0,0,0,0,0,0,0
A1802-0171-00,0,0,0,0,0,0,0,0,0
A1802-0178-00,0,0,0,0,0,0,0,0,0
A1802-0182-00,0,0,0,0,0,0,0,0,0
A1802-0185-00,0,0,0,0,0,0,0,0,0
A1802-0189-00,1,0,0,0,0,0,0,0,0
A1802-0190-00,0,0,0,0,0,0,0,0,0
A1801-0135-00,1,0,0,0,0,0,0,0,0
A1801-0137-00,1,0,0,0,0,0,0,0,0
A1801-0978-00,0,0,0,0,0,0,0,0,0
A1801-0979-00,0,0,0,0,0,0,0,0,0
A1801-0983-00,1,0,0,0,0,0,0,0,0
A1801-0985-00,0,0,0,0,0,0,0,0,0
A1801-0991-00,0,0,0,0,0,0,0,0,0
A1801-0994-00,0,0,0,0,0,0,0,0,0
A1801-0998-00,0,0,0,0,0,0,0,0,0
A1801-1008-00,0,0,0,0,0,0,0,0,0
A1801-1010-00,0,0,0,0,0,0,0,0,0
A1801-1015-00,0,0,0,0,0,0,0,0,0
A1801-1016-00,0,0,0,0,0,0,0,0,0
A1801-1017-00,0,0,0,0,0,0,0,0,0
A1801-1022-00,0,0,0,0,0,0,0,0,0
A1801-1025-00,0,0,0,0,0,0,0,0,0
A1801-1026-00,0,0,0,0,0,0,0,0,0
A1801-1034-00,0,0,0,0,0,0,0,0,0
A1801-0374-00,0,0,0,0,0,0,0,0,0
A1801-0375-00,2,1,0,0,0,0,0,0,0
A1801-0377-00,0,0,0,0,0,0,0,0,0
A1801-0391-00,0,0,0,0,0,0,0,0,0
A1801-0394-00,0,0,0,0,0,0,0,0,0
A1801-0395-00,0,0,0,0,0,0,0,0,0
A1801-0398-00,0,0,0,0,0,0,0,0,0
A1801-0399-00,0,0,0,0,0,0,0,0,0
A1801-0400-00,0,0,0,0,0,0,0,0,0
A1801-0408-00,0,0,0,0,0,0,0,0,0
A1801-0418-00,0,0,0,0,0,0,0,0,0
A1801-0420-00,0,0,0,0,0,0,0,0,0
A1801-0423-00,0,0,0,0,0,0,0,0,0
A1801-0428-00,2,0,0,0,0,0,0,0,0
A1801-0923-00,0,0,0,0,0,0,0,0,0
A1801-0927-00,0,0,0,0,0,0,0,0,0
A1801-0928-00,1,0,0,0,0,0,0,0,0
A1801-0929-00,0,0,0,0,0,0,0,0,0
A1801-0935-00,0,0,0,0,0,0,0,0,0
A1801-0937-00,0,0,0,0,0,0,0,0,0
A1801-0945-00,0,0,0,0,0,0,0,0,0
A1801-0946-00,0,0,0,0,0,0,0,0,0
A1801-0952-00,0,0,0,0,0,0,0,0,0
A1801-0955-00,0,0,0,0,0,0,0,0,0
A1801-0961-00,0,0,0,0,0,0,0,0,0
A1801-0962-00,0,0,0,0,0,0,0,0,0
A1801-0964-00,0,0,0,0,0,0,0,0,0
A1801-0969-00,0,0,0,0,0,0,0,0,0
A1801-0971-00,0,0,0,0,0,0,0,0,0
A1802-0302-00,0,0,0,0,0,0,0,0,0
A1802-0309-00,0,0,0,0,0,0,0,0,0
A1802-0313-00,1,0,0,0,0,0,0,0,0
A1802-0324-00,1,0,0,0,0,0,0,0,0
A1802-0328-00,0,0,0,0,0,0,0,0,0
A1802-0329-00,0,0,0,0,0,0,0,0,0
A1802-0333-00,0,0,0,0,0,0,0,0,0
A1802-0338-00,0,0,0,0,0,0,0,0,0
A1802-0340-00,0,0,0,0,0,0,0,0,0
A1802-0341-00,2,0,0,0,0,0,0,0,0
A1802-0346-00,0,0,0,0,0,0,0,0,0
A1802-0348-00,0,0,0,0,0,0,0,0,0
A1802-0352-00,0,0,0,0,0,0,0,0,0
A1802-0355-00,0,0,0,0,0,0,0,0,0
A1802-0364-00,0,0,0,0,0,0,0,0,0
A1802-0384-00,0,0,0,0,0,0,0,0,0
A1802-0385-00,1,0,0,0,0,0,0,0,0
A1802-0392-00,0,0,0,0,0,0,0,0,0
A1802-0399-00,0,0,0,0,0,0,0,0,0
A1802-0401-00,0,0,0,0,0,0,0,0,0
A1802-0405-00,0,0,0,0,0,0,0,0,0
A1802-0406-00,0,0,1,0,1,0,0,0,0
A1802-0409-00,0,0,0,0,0,0,0,0,0
A1802-0412-00,1,0,0,0,0,0,0,0,0
A1802-0417-00,0,0,0,0,0,0,0,0,0
A1802-0423-00,0,0,0,0,0,0,0,0,0
A1802-0425-00,0,0,0,0,0,0,0,0,0
A1802-0427-00,0,0,0,0,0,0,0,0,0
A1802-0429-00,0,0,0,0,0,0,0,0,0
A1802-0430-00,0,0,0,0,0,0,0,0,0
A1802-0431-00,0,0,0,0,0,0,0,0,0
A1802-0436-00,0,0,0,0,0,0,0,0,0
A1802-0439-00,2,0,0,0,0,0,0,0,1
A1802-0441-00,0,0,0,0,0,0,0,0,0
A1802-0443-00,0,0,0,0,0,0,0,0,0
A1802-0444-00,1,0,0,0,0,0,0,0,0
A1802-0448-00,0,0,0,0,0,0,0,0,0
A1802-0453-00,2,0,0,0,0,0,0,0,0
A1802-0461-00,2,0,0,0,0,0,0,0,0
A1802-0462-00,0,0,0,0,0,0,0,0,0
A1802-0464-00,0,0,0,0,0,0,0,0,0
A1802-0467-00,0,0,0,0,0,0,0,0,0
A1802-0469-00,0,0,0,0,0,0,0,0,0
A1802-0470-00,0,0,0,0,0,0,0,0,0
A1802-0478-00,0,0,0,0,0,0,0,0,0
A1802-0481-00,0,0,0,0,0,0,0,0,0
A1802-0482-00,0,0,1,0,1,0,0,0,0
A1802-0486-00,0,0,0,0,0,0,0,0,0
A1802-0490-00,0,0,0,0,0,0,0,0,0
A1802-0193-00,0,0,0,0,0,0,0,0,0
A1802-0194-00,0,0,0,0,0,0,0,0,0
A1802-0195-00,0,0,0,0,0,0,0,0,0
A1802-0196-00,0,0,0,0,0,0,0,0,0
A1801-0551-00,0,0,0,0,0,0,0,0,0
A1801-0552-00,0,0,0,0,0,0,0,0,0
A1801-0555-00,0,0,0,0,0,0,0,0,0
A1803-0005-00,0,0,0,0,0,0,0,0,0
A1803-0009-00,0,0,0,0,0,0,0,0,0
A1803-0010-00,0,0,0,0,0,0,0,0,0
A1803-0011-00,0,0,0,0,0,0,0,0,0
A1803-0012-00,0,0,0,0,0,0,0,0,0
A1803-0017-00,0,0,0,0,0,0,0,0,0
A1803-0018-00,0,0,0,0,0,0,0,0,0
A1803-0021-00,0,0,0,0,0,0,0,0,1
A1803-0022-00,0,0,0,0,0,0,0,0,0
A1803-0025-00,0,0,0,0,0,0,0,0,0
A1803-0026-00,0,0,0,0,0,0,0,0,0
A1803-0035-00,0,0,0,0,0,0,0,0,0
A1803-0043-00,0,0,0,0,0,0,0,0,0
A1803-0052-00,0,0,0,0,0,0,0,0,0
A1803-0062-00,0,0,0,0,0,0,0,0,0
A1803-0066-00,0,0,0,0,0,0,0,0,0
A1803-0068-00,0,0,0,0,0,0,0,0,0
A1803-0072-00,0,0,0,0,0,0,0,0,0
A1803-0076-00,0,0,0,0,0,0,0,0,0
A1803-0078-00,0,0,0,0,0,0,0,0,0
A1803-0082-00,0,0,0,0,0,0,0,0,0
A1803-0084-00,0,0,0,0,0,0,0,0,0
A1803-0094-00,0,0,0,0,0,0,0,0,0
A1803-0106-00,0,0,0,0,0,0,0,0,0
A1803-0110-00,0,0,0,0,0,0,0,0,0
A1801-0430-00,3,1,0,0,0,0,0,0,0
A1801-0431-00,0,0,0,0,0,0,0,0,0
A1801-0432-00,0,0,0,0,0,0,0,0,0
A1801-0433-00,0,0,0,0,0,0,0,0,0
A1801-0434-00,0,0,0,0,0,0,0,0,0
A1801-0449-00,0,0,0,0,0,0,0,0,0
A1801-0450-00,0,0,0,0,0,0,0,0,0
A1801-0456-00,0,0,0,0,0,0,0,0,0
A1801-0462-00,0,0,0,0,0,0,0,0,0
A1801-0464-00,0,0,0,0,0,0,0,0,0
A1801-0466-00,0,0,0,0,0,0,0,0,0
A1801-0468-00,0,0,0,0,0,0,0,0,0
A1801-0469-00,0,0,0,0,0,0,0,0,0
A1801-0481-00,0,0,0,0,0,0,0,0,0
A1801-0485-00,0,0,0,0,0,0,0,3,0
A1801-0488-00,1,0,0,0,0,0,0,0,0
A1801-0490-00,0,0,0,0,0,0,0,0,0
A1801-0492-00,0,0,0,0,0,0,0,0,0
A1801-0495-00,1,0,0,0,0,0,0,0,0
A1801-0501-00,0,0,0,0,0,0,0,0,0
A1801-0503-00,0,0,0,0,0,0,0,0,0
A1801-0513-00,0,0,0,0,0,0,0,0,0
A1801-0530-00,0,0,0,0,0,0,0,0,0
A1801-0532-00,0,0,0,0,0,0,0,0,0
A1801-0533-00,0,0,0,0,0,0,0,0,0
A1801-0534-00,0,0,0,0,0,0,0,0,0
A1801-0541-00,0,0,0,0,0,0,0,0,0
A1801-0544-00,1,0,0,0,0,0,0,0,0
A1801-0547-00,0,0,0,0,0,0,0,0,0
A1801-0559-00,0,0,0,0,0,0,0,0,0
A1801-0560-00,1,0,0,0,0,0,0,0,0
A1803-0006-00,0,0,0,0,0,0,0,0,0
A1802-0492-00,0,0,0,0,0,0,0,0,0
A1802-0503-00,0,0,0,0,0,0,0,0,0
A1802-0504-00,0,0,0,0,0,0,0,0,0
A1802-0510-00,0,0,0,0,0,0,0,0,0
A1802-0516-00,1,0,0,0,0,0,0,0,0
A1802-0518-00,0,0,0,0,0,0,0,0,0
A1802-0519-00,0,0,0,0,0,0,0,0,0
A1802-0520-00,0,0,0,0,0,0,0,0,0
A1802-0522-00,0,0,0,0,0,0,0,0,0
A1802-0530-00,1,0,0,0,0,0,0,0,0
A1802-0534-00,0,0,0,0,0,0,0,0,0
A1802-0535-00,2,0,0,0,0,0,0,0,0
A1802-0536-00,1,0,0,0,0,0,0,0,0
A1802-0537-00,0,0,0,0,0,0,0,0,0
A1802-0540-00,0,0,0,0,0,0,0,0,0
A1802-0545-00,0,0,0,0,0,0,0,0,0
A1802-0546-00,0,0,0,0,0,0,0,0,0
A1802-0555-00,0,0,0,0,0,0,0,0,0
A1802-0563-00,0,0,0,0,0,0,0,0,0
A1802-0566-00,0,0,0,0,0,0,0,0,0
A1802-0568-00,0,0,0,0,0,0,0,0,0
A1802-0570-00,0,0,0,0,0,0,0,0,0
A1802-0572-00,0,0,1,0,1,0,0,0,0
A1802-0575-00,0,0,0,0,0,0,0,0,0
A1802-0577-00,1,0,0,0,0,0,0,0,0
A1802-0579-00,4,0,0,0,0,0,0,0,0
A1802-0584-00,0,0,0,0,0,0,0,0,0
A1802-0587-00,0,0,0,0,0,0,0,0,0
A1802-0588-00,0,0,0,0,0,0,0,0,0
A1802-0590-00,0,0,0,0,0,0,0,0,0
A1802-0592-00,0,0,0,0,0,0,0,0,0
A1802-0594-00,0,0,0,0,0,0,0,0,0
A1802-0420-00,0,0,0,0,0,0,0,0,0
A1802-0434-00,0,0,0,0,0,0,0,0,0
A1802-0437-00,0,0,0,0,0,0,0,0,0
A1802-0438-00,0,0,0,0,0,0,0,0,0
A1802-0442-00,0,0,0,0,0,0,0,0,0
A1802-0445-00,0,0,0,0,0,0,0,0,0
A1802-0454-00,0,0,0,0,0,0,0,0,0
A1802-0459-00,0,0,0,0,0,0,0,0,0
A1802-0460-00,0,0,0,0,0,0,0,0,0
A1802-0465-00,0,0,0,0,0,0,0,0,0
A1802-0472-00,2,0,0,0,0,0,0,0,0
A1802-0473-00,0,0,0,0,0,0,0,0,0
A1802-0483-00,0,0,0,0,0,0,0,0,0
A1802-0485-00,0,0,0,0,0,0,0,0,0
A1802-0488-00,0,0,0,0,0,0,0,0,0
A1802-0497-00,0,0,0,0,0,0,0,0,0
A1802-0501-00,0,0,0,0,0,0,0,0,0
A1802-0514-00,0,0,0,0,0,0,0,0,0
A1802-0517-00,0,0,0,0,0,0,0,0,0
A1802-0524-00,0,0,0,0,0,0,0,0,0
A1802-0525-00,0,0,0,0,0,0,0,0,0
A1802-0529-00,0,0,0,0,0,0,0,0,0
A1803-0104-00,0,0,0,0,0,0,0,0,0
A1803-0105-00,0,0,0,0,0,0,0,0,0
A1803-0109-00,0,0,0,0,0,0,0,0,0
A1803-0121-00,0,0,0,0,0,0,0,0,0
A1803-0128-00,0,0,0,0,0,0,0,0,0
A1803-0131-00,0,0,0,0,0,0,0,0,0
A1803-0137-00,2,0,0,0,0,0,0,0,0
A1803-0140-00,1,0,0,0,0,0,0,0,0
A1803-0146-00,0,0,0,0,0,0,0,0,0
A1803-0151-00,0,0,0,0,0,0,0,0,0
A1803-0007-00,0,0,0,0,0,0,0,0,0
A1803-0013-00,0,0,0,0,0,0,0,0,0
A1803-0023-00,0,0,0,0,0,0,0,0,0
A1803-0027-00,0,0,0,0,0,0,0,0,0
A1803-0028-00,0,0,0,0,0,0,0,0,0
A1803-0031-00,0,0,0,0,0,0,0,0,0
A1803-0037-00,0,0,0,0,0,0,0,0,0
A1803-0039-00,0,0,0,0,0,0,0,0,0
A1803-0045-00,0,0,0,0,0,0,0,0,0
A1803-0047-00,0,0,0,0,0,0,0,0,0
A1803-0048-00,0,0,0,0,0,0,0,0,0
A1801-1035-00,0,0,0,0,0,0,0,0,0
A1801-1041-00,0,0,0,0,0,0,0,0,0
A1801-1052-00,0,0,0,0,0,0,0,0,0
A1801-1057-00,0,0,0,0,0,0,0,0,0
A1801-1065-00,0,0,0,0,0,0,0,0,0
A1801-1067-00,0,0,0,0,0,0,0,0,0
A1801-1071-00,0,0,0,0,0,0,0,0,0
A1801-1078-00,0,0,0,0,0,0,0,0,0
A1801-1084-00,0,0,0,0,0,0,0,0,0
A1801-1089-00,0,0,0,0,0,0,0,0,0
A1802-0011-00,0,0,0,0,0,0,0,0,0
A1802-0019-00,0,0,0,0,0,0,0,0,0
A1802-0021-00,0,0,0,0,0,0,0,0,0
A1802-0023-00,0,0,0,0,0,0,0,0,0
A1802-0026-00,0,0,0,0,0,0,0,0,0
A1802-0028-00,0,0,0,0,0,0,0,0,0
A1802-0034-00,0,0,0,0,0,0,0,0,0
A1802-0035-00,0,0,0,0,0,0,0,0,0
A1802-0039-00,0,0,0,0,0,0,0,0,0
A1802-0046-00,0,0,0,0,0,0,0,0,0
A1802-0051-00,0,0,0,0,0,0,0,0,0
A1802-0598-00,0,0,0,0,0,0,0,0,0
A1802-0600-00,0,0,0,0,0,0,0,0,0
A1802-0603-00,0,0,0,0,0,0,0,0,0
A1802-0606-00,0,0,0,0,0,0,0,0,0
A1802-0607-00,1,0,0,0,0,0,0,0,0
A1802-0614-00,0,0,0,0,0,0,0,0,0
A1802-0620-00,0,0,0,0,0,0,0,0,0
A1802-0625-00,4,59,0,0,0,0,0,0,0
A1802-0631-00,0,0,0,0,0,0,0,0,0
A1802-0636-00,0,0,0,0,0,0,0,0,0
A1802-0640-00,0,0,0,0,0,0,0,0,0
A1802-0642-00,1,0,0,0,0,0,0,0,0
A1802-0645-00,0,0,0,0,0,0,0,0,0
A1802-0650-00,0,0,0,0,0,0,0,0,0
A1802-0652-00,0,0,0,0,0,0,0,0,0
A1802-0659-00,1,0,0,0,0,0,0,0,0
A1802-0663-00,0,0,0,0,0,0,0,0,0
A1802-0673-00,2,4,0,0,0,0,0,0,0
A1802-0674-00,0,0,0,0,0,0,0,0,0
A1802-0676-00,0,0,0,0,0,0,0,0,0
A1802-0677-00,0,0,0,0,0,0,0,0,0
A1802-0678-00,0,0,0,0,0,0,0,0,0
A1802-0681-00,0,0,0,0,0,0,0,0,0
A1802-0682-00,0,0,0,0,0,0,0,0,0
A1802-0686-00,0,0,0,0,0,0,0,0,0
A1802-0687-00,0,0,0,0,0,0,0,0,0
A1802-0696-00,1,0,0,0,0,0,0,0,0
A1802-0698-00,0,0,0,0,0,0,0,0,0
A1802-0701-00,0,0,0,0,0,0,0,0,0
A1802-0705-00,0,0,0,0,0,0,0,0,0
A1802-0710-00,0,0,0,0,0,0,0,0,0
A1803-0002-00,0,0,0,0,0,0,0,0,0
A1803-0113-00,0,0,0,0,0,0,0,0,1
A1803-0115-00,0,0,0,0,0,0,0,0,0
A1803-0117-00,0,0,0,0,0,0,0,0,0
A1803-0123-00,0,0,0,0,0,0,0,0,0
A1803-0124-00,0,0,0,0,0,0,0,0,0
A1803-0126-00,0,0,0,0,0,0,0,0,0
A1803-0129-00,0,0,0,0,0,0,0,0,0
A1803-0132-00,0,0,0,0,0,0,0,0,0
A1803-0136-00,0,0,0,0,0,0,0,0,0
A1803-0139-00,0,0,0,0,0,0,0,0,0
A1803-0145-00,0,0,0,0,0,0,0,0,0
A1803-0149-00,0,0,0,0,0,0,0,0,0
A1803-0156-00,0,0,0,0,0,0,0,0,0
A1803-0157-00,0,0,0,0,0,0,0,0,0
A1803-0161-00,0,0,0,0,0,0,0,0,0
A1803-0162-00,0,0,0,0,0,0,0,0,0
A1803-0168-00,0,0,0,0,0,0,0,0,0
A1803-0169-00,0,0,0,0,0,0,0,0,0
A1803-0177-00,0,0,0,0,0,0,0,0,0
A1803-0179-00,0,0,0,0,0,0,0,0,0
A1803-0180-00,0,0,0,0,0,0,0,0,0
A1803-0183-00,0,0,0,0,0,0,0,0,0
A1803-0184-00,0,0,0,0,0,0,0,0,0
A1803-0193-00,0,0,0,0,0,0,0,0,0
A1803-0194-00,0,0,0,0,0,0,0,0,0
A1803-0198-00,0,0,0,0,0,0,0,0,0
A1803-0201-00,0,0,0,0,0,0,0,0,0
A1803-0208-00,2,2,0,0,0,0,0,0,0
A1803-0209-00,0,0,0,0,0,0,0,0,0
A1801-0569-00,0,0,0,0,0,0,0,0,0
A1801-0570-00,0,0,0,0,0,0,0,0,0
A1801-0571-00,0,0,0,0,0,0,0,0,0
A1803-0152-00,0,0,0,0,0,0,0,0,1
A1803-0153-00,0,0,0,0,0,0,0,0,0
A1803-0155-00,0,0,0,0,0,0,0,0,0
A1803-0160-00,0,0,0,0,0,0,0,0,0
A1803-0163-00,0,0,0,0,0,0,0,0,0
A1803-0164-00,0,0,0,0,0,0,0,0,0
A1803-0165-00,0,0,0,0,0,0,0,0,0
A1803-0171-00,0,0,0,0,0,0,0,0,0
A1803-0174-00,0,0,0,0,0,0,0,0,0
A1803-0185-00,0,0,0,0,0,0,0,0,0
A1803-0186-00,0,0,0,0,0,0,0,0,0
A1803-0187-00,0,0,0,0,0,0,0,0,0
A1803-0189-00,0,0,0,0,0,0,0,0,0
A1803-0190-00,0,0,0,0,0,0,0,0,0
A1803-0192-00,0,0,0,0,0,0,0,0,0
A1803-0196-00,0,0,0,0,0,0,0,0,0
A1803-0199-00,0,0,0,0,0,0,0,0,0
A1803-0203-00,0,0,0,0,0,0,0,0,0
A1803-0206-00,0,0,0,0,0,0,0,0,0
A1803-0210-00,0,0,0,0,0,0,0,0,0
A1803-0212-00,0,0,0,0,0,0,0,0,0
A1803-0218-00,0,0,0,0,0,0,0,0,0
A1803-0224-00,0,0,0,0,0,0,0,0,0
A1803-0231-00,0,0,0,0,0,0,0,0,0
A1803-0232-00,0,0,0,0,0,0,0,0,0
A1803-0234-00,0,0,0,0,0,0,0,0,0
A1803-0243-00,0,0,0,0,0,0,0,0,0
A1803-0250-00,0,0,0,0,0,0,0,0,0
A1803-0253-00,0,0,0,0,0,0,0,0,0
A1803-0261-00,0,0,0,0,0,0,0,0,0
A1803-0262-00,0,0,0,0,0,0,0,0,0
A1803-0263-00,0,0,0,0,0,0,0,0,1
A1802-0052-00,0,0,0,0,0,0,0,0,0
A1802-0061-00,0,0,0,0,0,0,0,0,0
A1802-0062-00,2,0,0,0,0,0,0,0,0
A1802-0068-00,0,0,0,0,0,0,0,0,1
A1802-0069-00,0,0,0,0,0,0,0,0,0
A1802-0078-00,0,0,0,0,0,0,0,0,0
A1802-0079-00,0,0,0,0,0,0,0,0,0
A1802-0080-00,0,0,0,0,0,0,0,0,0
A1802-0081-00,0,0,0,0,0,0,0,0,0
A1802-0082-00,0,0,0,0,0,0,0,0,0
A1802-0085-00,0,0,0,0,0,0,0,0,0
A1802-0093-00,0,0,0,0,0,0,0,0,0
A1802-0094-00,0,0,0,0,0,0,0,0,0
A1802-0095-00,0,0,1,0,1,0,0,0,0
A1802-0099-00,0,0,0,0,0,0,0,0,0
A1802-0108-00,0,0,0,0,0,0,0,0,0
A1802-0110-00,0,0,0,0,0,0,0,0,0
A1802-0117-00,0,0,0,0,0,0,0,0,0
A1802-0120-00,0,0,0,0,0,0,0,0,0
A1802-0121-00,0,0,0,0,0,0,0,0,0
A1802-0123-00,0,0,0,0,0,0,0,0,0
A1802-0125-00,0,0,0,0,0,0,0,0,0
A1802-0127-00,0,0,0,0,0,0,0,0,0
A1802-0128-00,0,0,0,0,0,0,0,0,0
A1802-0131-00,0,0,0,0,0,0,0,0,0
A1802-0132-00,0,0,0,0,0,0,0,0,0
A1802-0139-00,0,0,0,0,0,0,0,0,0
A1802-0140-00,0,0,0,0,0,0,0,0,0
A1802-0141-00,0,0,0,0,0,0,0,0,0
A1802-0144-00,0,0,0,0,0,0,0,0,0
A1802-0145-00,0,0,0,0,0,0,0,0,0
A1802-0148-00,0,0,0,0,0,0,0,0,0
A1801-0572-00,0,0,0,0,0,0,0,0,0
A1801-0575-00,0,0,0,0,0,0,0,0,0
A1801-0582-00,0,0,0,0,0,0,0,0,0
A1801-0588-00,0,0,0,0,0,0,0,0,0
A1801-0591-00,1,39,0,0,0,0,0,0,0
A1801-0593-00,1,0,0,0,0,0,0,0,0
A1801-0594-00,0,0,0,0,0,0,0,0,0
A1801-0601-00,0,0,0,0,0,0,0,0,0
A1801-0612-00,0,0,0,0,0,0,0,0,0
A1801-0614-00,0,0,0,0,0,0,0,0,0
A1801-0623-00,0,0,0,0,0,0,0,0,0
A1801-0625-00,0,0,0,0,0,0,0,0,0
A1801-0628-00,0,0,0,0,0,0,0,0,0
A1801-0639-00,0,0,0,0,0,0,0,0,0
A1801-0645-00,0,0,0,0,0,0,0,0,0
A1801-0647-00,0,0,0,0,0,0,0,0,0
A1801-0648-00,0,0,0,0,0,0,0,0,0
A1801-0651-00,0,0,0,0,0,0,0,0,0
A1801-0655-00,0,0,0,0,0,0,0,0,0
A1801-0661-00,0,0,0,0,0,0,0,0,0
A1801-0663-00,0,0,0,0,0,0,0,0,0
A1801-0665-00,0,0,0,0,0,0,0,0,0
A1801-0676-00,0,0,0,0,0,0,0,0,0
A1801-0677-00,0,0,0,0,0,0,0,0,0
A1801-0680-00,0,0,0,0,0,0,0,0,0
A1801-0686-00,0,0,0,0,0,0,0,0,0
A1801-0700-00,0,0,0,0,0,0,0,0,0
A1801-0708-00,0,0,0,0,0,0,0,0,0
A1801-0709-00,0,0,0,0,0,0,0,0,0
A1801-0714-00,2,0,0,0,0,0,0,0,0
A1801-0723-00,0,0,0,0,0,0,0,0,0
A1801-0727-00,0,0,0,0,0,0,0,0,0
A1802-0163-00,0,0,0,0,0,0,0,0,0
A1802-0170-00,0,0,0,0,0,0,0,0,0
A1802-0176-00,0,0,0,0,0,0,0,0,0
A1802-0177-00,0,0,0,0,0,0,0,0,0
A1801-0562-00,0,0,0,0,0,0,0,0,0
A1801-0580-00,0,0,0,0,0,0,0,0,0
A1801-0584-00,0,0,0,0,0,0,0,0,0
A1801-0585-00,0,0,0,0,0,0,0,0,0
A1801-0586-00,0,0,0,0,0,0,0,0,0
A1801-0587-00,0,0,0,0,0,0,0,0,0
A1801-0589-00,0,0,0,0,0,0,0,0,0
A1801-0590-00,0,0,0,0,0,0,0,0,0
A1801-0597-00,0,0,0,0,0,0,0,0,0
A1801-0602-00,0,0,0,0,0,0,0,0,0
A1801-0603-00,0,0,0,0,0,0,0,0,0
A1801-0604-00,0,0,0,0,0,0,0,0,0
A1801-0613-00,0,0,0,0,0,0,0,0,0
A1801-0615-00,0,0,0,0,0,0,0,0,0
A1801-0617-00,0,0,0,0,0,0,0,0,0
A1801-0619-00,0,0,0,0,0,0,0,0,0
A1801-0620-00,1,0,0,0,0,0,0,0,0
A1801-0624-00,0,0,0,0,0,0,0,0,0
A1801-0627-00,0,0,0,0,0,0,0,0,0
A1801-0630-00,0,0,0,0,0,0,0,0,0
A1801-0635-00,0,0,0,0,0,0,0,0,0
A1801-0637-00,0,0,0,0,0,0,0,0,0
A1801-0641-00,0,0,0,0,0,0,0,0,0
A1801-0643-00,0,0,0,0,0,0,0,0,1
A1801-0649-00,0,0,0,0,0,0,0,0,0
A1801-0650-00,0,0,0,0,0,0,0,0,0
A1801-0662-00,0,0,0,0,0,0,0,0,0
A1801-0668-00,0,0,0,0,0,0,0,0,0
A1801-0670-00,0,0,0,0,0,0,0,0,0
A1801-0672-00,0,0,0,0,0,0,0,0,0
A1801-0683-00,0,0,0,0,0,0,0,0,0
A1801-0687-00,0,0,0,0,0,0,0,0,0
A1801-0689-00,0,0,0,0,0,0,0,0,0
A1801-0695-00,0,0,0,0,0,0,0,0,0
A1801-0697-00,0,0,0,0,0,0,0,0,0
A1801-0698-00,0,0,0,0,0,0,0,0,0
A1801-0703-00,0,0,0,0,0,0,0,0,0
A1801-0704-00,0,0,0,0,0,0,0,0,0
A1801-0712-00,0,0,0,0,0,0,0,0,0
A1801-0716-00,0,0,0,0,0,0,0,0,0
A1801-0730-00,0,0,0,0,0,0,0,0,0
A1801-0736-00,0,0,0,0,0,0,0,0,0
A1801-0737-00,0,0,0,0,0,0,0,0,0
A1801-0738-00,3,0,0,0,0,0,0,0,0
A1801-0742-00,0,0,0,0,0,0,0,0,0
A1801-0750-00,0,0,0,0,0,0,0,0,0
A1801-0752-00,0,0,0,0,0,0,0,0,0
A1801-0753-00,0,0,0,0,0,0,0,0,0
A1801-0756-00,0,0,0,0,0,0,0,0,0
A1801-0758-00,0,0,0,0,0,0,0,0,0
A1801-0761-00,2,0,0,0,0,0,0,0,0
A1801-0776-00,0,0,0,0,0,0,0,0,0
A1801-0778-00,0,0,0,0,0,0,0,0,0
A1801-0779-00,1,0,0,0,0,0,0,0,0
A1801-0781-00,3,0,0,0,0,0,0,0,0
A1801-0782-00,0,0,0,0,0,0,0,0,0
A1801-0785-00,0,0,0,0,0,0,0,0,0
A1802-0310-00,1,0,0,0,0,0,0,0,0
A1802-0312-00,0,0,0,0,0,0,0,0,0
A1802-0316-00,1,0,0,0,0,0,0,0,0
A1801-0729-00,0,0,0,0,0,0,0,0,0
A1801-0731-00,0,0,0,0,0,0,0,0,0
A1801-0732-00,0,0,0,0,0,0,0,0,0
A1801-0749-00,0,0,0,0,0,0,0,0,0
A1801-0755-00,0,0,0,0,0,0,0,0,0
A1801-0759-00,0,0,0,0,0,0,0,0,0
A1801-0767-00,0,0,0,0,0,0,0,0,0
A1801-0769-00,0,0,0,0,0,0,0,0,0
A1801-0770-00,0,0,0,0,0,0,0,0,0
A1801-0771-00,0,0,0,0,0,0,0,0,0
A1801-0772-00,0,0,0,0,0,0,0,0,0
A1801-0773-00,0,0,0,0,0,0,0,0,0
A1801-0784-00,0,0,0,0,0,0,0,0,0
A1801-0793-00,0,0,0,0,0,0,0,0,0
A1801-0794-00,0,0,0,0,0,0,0,0,0
A1801-0800-00,0,0,0,0,0,0,0,0,0
A1801-0803-00,0,0,0,0,0,0,0,0,0
A1801-0805-00,0,0,0,0,0,0,0,0,0
A1801-0806-00,0,0,0,0,0,0,0,0,0
A1801-0810-00,0,0,0,0,0,0,0,0,0
A1801-0814-00,1,0,0,0,0,0,0,0,0
A1801-0818-00,0,0,0,0,0,0,0,0,0
A1802-0303-00,0,0,0,0,0,0,0,0,0
A1802-0305-00,1,0,0,0,0,0,0,0,0
A1802-0306-00,0,0,0,0,0,0,0,0,0
A1802-0311-00,0,0,0,0,0,0,0,0,0
A1802-0323-00,0,0,0,0,0,0,0,0,0
A1802-0327-00,0,0,0,0,0,0,0,0,0
A1802-0343-00,0,0,0,0,0,0,0,0,0
A1802-0345-00,0,0,0,0,0,0,0,0,0
A1802-0351-00,0,0,0,0,0,0,0,0,0
A1802-0362-00,0,0,0,0,0,0,0,0,0
A1802-0317-00,0,0,0,0,0,0,0,0,0
A1802-0322-00,2,19,0,0,0,0,0,0,0
A1802-0326-00,1,0,0,0,0,0,0,0,0
A1802-0334-00,0,0,0,0,0,0,0,0,0
A1802-0335-00,4,0,0,0,0,0,0,0,0
A1802-0337-00,0,0,0,0,0,0,0,0,0
A1802-0342-00,0,0,0,0,0,0,0,0,0
A1802-0344-00,0,0,0,0,0,0,0,0,0
A1802-0347-00,0,0,0,0,0,0,0,0,0
A1802-0350-00,0,0,0,0,0,0,0,0,0
A1802-0356-00,0,0,0,0,0,0,0,0,0
A1802-0357-00,0,0,0,0,0,0,0,0,0
A1802-0359-00,0,0,0,0,0,0,0,0,0
A1802-0361-00,0,0,0,0,0,0,0,0,0
A1802-0366-00,0,0,0,0,0,0,0,0,0
A1802-0374-00,0,0,0,0,0,0,0,0,0
A1802-0379-00,0,0,0,0,0,0,0,0,0
A1802-0382-00,0,0,0,0,0,0,0,0,0
A1802-0387-00,0,0,0,0,0,0,0,0,0
A1802-0390-00,0,0,0,0,0,0,0,0,0
A1802-0391-00,0,0,0,0,0,0,0,0,0
A1802-0393-00,0,0,0,0,0,0,0,0,0
A1802-0398-00,0,0,0,0,0,0,0,0,0
A1802-0404-00,2,0,0,0,0,0,0,0,0
A1802-0408-00,0,0,0,0,0,0,0,0,0
A1802-0410-00,0,0,0,0,0,0,0,0,0
A1802-0413-00,0,0,0,0,0,0,0,0,0
A1802-0414-00,0,0,0,0,0,0,0,0,0
A1802-0415-00,0,0,0,0,0,0,0,0,0
A1802-0416-00,0,0,0,0,0,0,0,0,0
A1802-0419-00,0,0,0,0,0,0,0,0,0
A1802-0421-00,0,0,0,0,0,0,0,0,0
A1802-0363-00,1,0,0,0,0,0,0,0,0
A1802-0367-00,0,0,0,0,0,0,0,0,0
A1802-0368-00,0,0,0,0,0,0,0,0,0
A1802-0370-00,0,0,0,0,0,0,0,0,0
A1802-0371-00,0,0,0,0,0,0,0,0,0
A1802-0373-00,2,0,0,0,0,0,0,0,0
A1802-0375-00,0,0,0,0,0,0,0,0,0
A1802-0377-00,0,0,0,0,0,0,0,0,0
A1802-0386-00,0,0,0,0,0,0,0,0,0
A1802-0394-00,0,0,0,0,0,0,0,0,0
A1802-0395-00,2,0,0,0,0,0,0,0,0
A1802-0396-00,0,0,0,0,0,0,0,0,0
A1802-0397-00,0,0,0,0,0,0,0,0,0
A1802-0411-00,0,0,0,0,0,0,0,0,0
A1802-0422-00,0,0,0,0,0,0,0,0,0
A1802-0424-00,0,0,0,0,0,0,0,0,1
A1802-0426-00,1,0,0,0,0,0,0,0,0
A1802-0433-00,0,0,0,0,0,0,0,0,0
A1802-0435-00,0,0,0,0,0,0,0,1,0
A1802-0440-00,0,0,0,0,0,0,0,0,0
A1802-0446-00,0,0,0,0,0,0,0,0,0
A1802-0450-00,0,0,0,0,0,0,0,0,0
A1802-0451-00,1,0,0,0,0,0,0,0,0
A1802-0452-00,0,0,0,0,0,0,0,0,0
A1802-0455-00,0,0,0,0,0,0,0,0,0
A1802-0456-00,1,0,0,0,0,0,0,0,0
A1802-0457-00,0,0,0,0,0,0,0,0,0
A1802-0468-00,1,79,0,0,0,0,0,0,0
A1802-0475-00,0,0,0,0,0,0,0,0,0
A1802-0487-00,0,0,0,0,0,0,0,0,0
A1802-0493-00,0,0,0,0,0,0,0,0,0
A1802-0498-00,1,0,0,0,0,0,0,0,0
A1802-0428-00,0,0,0,0,0,0,0,0,0
A1802-0432-00,0,0,0,0,0,0,0,0,0
A1802-0447-00,0,0,0,0,0,0,0,0,0
A1802-0449-00,0,0,0,0,0,0,0,0,0
A1802-0458-00,0,0,0,0,0,0,0,0,0
A1802-0463-00,0,0,0,0,0,0,0,0,0
A1802-0466-00,0,0,0,0,0,0,0,0,0
A1802-0471-00,0,0,0,0,0,0,0,0,0
A1802-0474-00,0,0,0,0,0,0,0,0,0
A1802-0476-00,0,0,0,0,0,0,0,0,0
A1802-0477-00,0,0,0,0,0,0,0,0,0
A1802-0479-00,1,0,0,0,0,0,0,0,0
A1802-0480-00,1,0,0,0,0,0,0,0,0
A1802-0484-00,2,0,0,0,0,0,0,0,0
A1802-0489-00,0,0,0,0,0,0,0,0,0
A1802-0491-00,4,0,0,0,0,0,0,0,0
A1802-0494-00,0,0,0,0,0,0,0,0,0
A1802-0495-00,1,0,0,0,0,0,0,0,0
A1802-0496-00,0,0,0,0,0,0,0,0,0
A1802-0499-00,1,0,0,0,0,0,0,0,0
A1802-0500-00,0,0,0,0,0,0,0,0,0
A1802-0506-00,0,0,0,0,0,0,0,0,0
A1803-0049-00,0,0,0,0,0,0,0,0,0
A1803-0053-00,0,0,0,0,0,0,0,0,0
A1803-0055-00,0,0,0,0,0,0,0,0,0
A1803-0056-00,0,0,0,0,0,0,0,0,0
A1803-0058-00,0,0,0,0,0,0,0,0,0
A1803-0063-00,0,0,0,0,0,0,0,0,0
A1803-0064-00,0,0,0,0,0,0,0,0,1
A1803-0069-00,0,0,0,0,0,0,0,0,0
A1803-0071-00,0,0,0,0,0,0,0,0,0
A1803-0080-00,0,0,0,0,0,0,0,0,0
A1803-0085-00,0,0,0,0,0,0,0,0,0
A1803-0087-00,0,0,0,0,0,0,0,0,0
A1803-0091-00,0,0,0,0,0,0,0,0,0
A1803-0093-00,0,0,0,0,0,0,0,0,0
A1803-0099-00,0,0,0,0,0,0,0,0,0
A1803-0107-00,0,0,0,0,0,0,0,0,0
A1803-0111-00,0,0,0,0,0,0,0,0,0
A1803-0112-00,0,0,0,0,0,0,0,0,0
A1803-0119-00,0,0,0,0,0,0,0,0,0
A1803-0122-00,0,0,0,0,0,0,0,0,0
A1803-0134-00,0,0,0,0,0,0,0,0,0
A1803-0138-00,0,0,0,0,0,0,0,0,0
A1803-0142-00,0,0,0,0,0,0,0,0,0
A1803-0143-00,0,0,0,0,0,0,0,0,0
A1803-0144-00,0,0,0,0,0,0,0,0,0
A1803-0147-00,0,0,0,0,0,0,0,0,0
A1803-0148-00,0,0,0,0,0,0,0,0,0
A1803-0166-00,0,0,0,0,0,0,0,0,0
A1803-0167-00,0,0,0,0,0,0,0,0,0
A1803-0170-00,0,0,0,0,0,0,0,0,0
A1803-0172-00,0,0,0,0,0,0,0,0,0
A1803-0175-00,0,0,0,0,0,0,0,0,0
A1803-0181-00,0,0,0,0,0,0,0,0,0
A1803-0188-00,0,0,0,0,0,0,0,0,0
A1803-0195-00,0,0,0,0,0,0,0,0,0
A1803-0197-00,0,0,0,0,0,0,0,0,0
A1803-0204-00,0,0,0,0,0,0,0,0,0
A1803-0215-00,0,0,0,0,0,0,0,0,0
A1803-0217-00,0,0,0,0,0,0,0,0,0
A1803-0226-00,0,0,0,0,0,0,0,0,0
A1803-0227-00,0,0,0,0,0,0,0,0,0
A1803-0229-00,0,0,0,0,0,0,0,0,0
A1802-0502-00,0,0,0,0,0,0,0,0,1
A1802-0505-00,0,0,0,0,0,0,0,0,0
A1802-0507-00,0,0,0,0,0,0,0,0,0
A1802-0508-00,0,0,0,0,0,0,0,0,0
A1802-0515-00,0,0,0,0,0,0,0,0,0
A1802-0521-00,0,0,0,0,0,0,0,0,0
A1802-0527-00,1,0,0,0,0,0,0,0,0
A1802-0531-00,0,0,0,0,0,0,0,0,0
A1802-0539-00,1,0,0,0,0,0,0,0,0
A1802-0548-00,0,0,0,0,0,0,0,0,0
A1802-0553-00,1,0,0,0,0,0,0,0,0
A1802-0556-00,0,0,0,0,0,0,0,0,0
A1802-0558-00,0,0,0,0,0,0,0,0,0
A1802-0561-00,1,0,0,0,0,0,0,0,0
A1802-0562-00,0,0,0,0,0,0,0,0,0
A1803-0211-00,0,0,0,0,0,0,0,0,0
A1803-0213-00,0,0,0,0,0,0,0,0,0
A1803-0216-00,0,0,0,0,0,0,0,0,0
A1803-0219-00,0,0,0,0,0,0,0,0,0
A1803-0221-00,0,0,0,0,0,0,0,0,0
A1803-0222-00,0,0,0,0,0,0,0,0,0
A1803-0223-00,0,0,0,0,0,0,0,0,0
A1803-0230-00,0,0,0,0,0,0,0,0,0
A1803-0233-00,0,0,0,0,0,0,0,0,0
A1803-0240-00,0,0,0,0,0,0,0,0,0
A1803-0254-00,0,0,0,0,0,0,0,0,0
A1803-0259-00,0,0,0,0,0,0,0,0,0
A1803-0260-00,0,0,0,0,0,0,0,0,0
A1803-0265-00,1,0,0,0,0,0,0,0,0
A1803-0267-00,0,0,0,0,0,0,0,0,0
A1803-0269-00,0,0,0,0,0,0,0,0,0
A1803-0270-00,0,0,0,0,0,0,0,0,0
A1803-0274-00,0,0,0,0,0,0,0,0,0
A1803-0282-00,0,0,0,0,0,0,0,0,0
A1803-0286-00,0,0,0,0,0,0,0,0,0
A1803-0290-00,0,0,0,0,0,0,0,0,0
A1803-0293-00,0,0,0,0,0,0,0,0,0
A1803-0294-00,0,0,0,0,0,0,0,0,0
A1803-0301-00,0,0,0,0,0,0,0,0,0
A1803-0304-00,0,0,0,0,0,0,0,0,0
A1803-0310-00,0,0,0,0,0,0,0,0,0
A1803-0315-00,0,0,0,0,0,0,0,0,0
A1803-0317-00,0,0,0,0,0,0,0,0,0
A1803-0319-00,0,0,0,0,0,0,0,0,0
A1803-0321-00,0,0,0,0,0,0,0,0,1
A1803-0322-00,0,0,0,0,0,0,0,0,0
A1803-0323-00,0,0,0,0,0,0,0,0,0
A1803-0325-00,0,0,0,0,0,0,0,0,0
A1803-0327-00,0,0,0,0,0,0,0,0,0
A1803-0329-00,0,0,0,0,0,0,0,0,0
A1803-0334-00,0,0,0,0,0,0,0,0,0
A1803-0335-00,0,0,0,0,0,0,0,0,0
A1803-0337-00,0,0,0,0,0,0,0,0,0
A1803-0342-00,0,0,0,0,0,0,0,0,0
A1803-0345-00,0,0,0,0,0,0,0,0,0
A1803-0346-00,0,0,0,0,0,0,0,0,0
A1803-0355-00,0,0,0,0,0,0,0,0,0
A1803-0357-00,0,0,0,0,0,0,0,0,0
A1803-0360-00,0,0,0,0,0,0,0,0,0
A1803-0368-00,0,0,0,0,0,0,0,0,0
A1803-0370-00,0,0,0,0,0,0,0,0,0
A1803-0371-00,0,0,0,0,0,0,0,0,0
A1803-0372-00,0,0,0,0,0,0,0,0,0
A1803-0373-00,0,0,0,0,0,0,0,0,0
A1803-0264-00,0,0,0,0,0,0,0,0,0
A1803-0266-00,0,0,0,0,0,0,0,0,0
A1803-0285-00,0,0,0,0,0,0,0,0,0
A1803-0288-00,0,0,0,0,0,0,0,0,0
A1803-0306-00,0,0,0,0,0,0,0,0,0
A1803-0309-00,0,0,0,0,0,0,0,0,0
A1803-0311-00,0,0,0,0,0,0,0,0,0
A1803-0313-00,0,0,0,0,0,0,0,0,0
A1803-0318-00,0,0,0,0,0,0,0,0,0
A1803-0324-00,0,0,0,0,0,0,0,0,1
A1803-0326-00,0,0,0,0,0,0,0,0,0
A1803-0330-00,0,0,0,0,0,0,0,0,0
A1803-0332-00,0,0,0,0,0,0,0,0,0
A1803-0336-00,0,0,0,0,0,0,0,0,0
A1803-0338-00,0,0,0,0,0,0,0,0,0
A1803-0348-00,0,0,0,0,0,0,0,0,0
A1803-0358-00,0,0,0,0,0,0,0,0,0
A1803-0359-00,1,0,0,0,0,0,0,0,0
A1803-0362-00,0,0,0,0,0,0,0,0,0
A1803-0364-00,0,0,0,0,0,0,0,0,0
A1803-0365-00,0,0,0,0,0,0,0,0,0
A1803-0367-00,0,0,0,0,0,0,0,0,0
A1803-0385-00,0,0,0,0,0,0,0,0,0
A1803-0387-00,0,0,0,0,0,0,0,0,0
A1803-0389-00,0,0,0,0,0,0,0,0,0
A1803-0390-00,0,0,0,0,0,0,0,0,0
A1803-0398-00,0,0,0,0,0,0,0,0,0
A1802-0243-00,0,0,0,0,0,0,0,0,0
A1802-0245-00,1,0,0,0,0,0,0,0,0
A1802-0247-00,0,0,0,0,0,0,0,0,0
A1802-0253-00,0,0,0,0,0,0,0,0,0
A1802-0257-00,0,0,0,0,0,0,0,0,0
A1803-0235-00,0,0,0,0,0,0,0,0,0
A1803-0238-00,0,0,0,0,0,0,0,0,0
A1803-0241-00,0,0,0,0,0,0,0,0,0
A1803-0244-00,0,0,0,0,0,0,0,0,0
A1803-0247-00,0,0,0,0,0,0,0,0,0
A1803-0248-00,0,0,0,0,0,0,0,0,0
A1803-0249-00,0,0,0,0,0,0,0,0,0
A1803-0251-00,0,0,0,0,0,0,0,0,0
A1803-0252-00,0,0,0,0,0,0,0,0,0
A1803-0258-00,0,0,0,0,0,0,0,0,0
A1803-0271-00,0,0,0,0,0,0,0,0,0
A1803-0272-00,0,0,0,0,0,0,0,0,0
A1803-0273-00,0,0,0,0,0,0,0,0,0
A1803-0275-00,0,0,0,0,0,0,0,0,0
A1803-0277-00,0,0,0,0,0,0,0,0,0
A1803-0278-00,0,0,0,0,0,0,0,0,0
A1803-0279-00,0,0,0,0,0,0,0,0,0
A1803-0283-00,0,0,0,0,0,0,0,0,0
A1803-0287-00,0,0,0,0,0,0,0,0,0
A1803-0291-00,0,0,0,0,0,0,0,0,0
A1803-0296-00,0,0,0,0,0,0,0,0,0
A1803-0297-00,0,0,0,0,0,0,0,0,0
A1803-0299-00,0,0,0,0,0,0,0,0,0
A1803-0302-00,0,0,0,0,0,0,0,0,0
A1803-0305-00,0,0,0,0,0,0,0,0,0
A1803-0312-00,0,0,0,0,0,0,0,0,0
A1803-0331-00,0,0,0,0,0,0,0,0,0
A1803-0344-00,0,0,0,0,0,0,0,0,0
A1803-0347-00,0,0,0,0,0,0,0,0,0
A1803-0350-00,0,0,0,0,0,0,0,0,0
A1803-0351-00,0,0,0,0,0,0,0,0,0
A1803-0352-00,0,0,0,0,0,0,0,0,0
A1803-0374-00,0,0,0,0,0,0,0,0,0
A1803-0378-00,0,0,0,0,0,0,0,0,0
A1803-0380-00,0,0,0,0,0,0,0,0,0
A1803-0384-00,0,0,0,0,0,0,0,0,0
A1803-0386-00,0,0,1,0,1,0,0,0,0
A1803-0391-00,0,0,0,0,0,0,0,0,0
A1803-0396-00,0,0,0,0,0,0,0,0,0
A1803-0402-00,0,0,0,0,0,0,0,0,0
A1803-0403-00,0,0,0,0,0,0,0,0,0
A1803-0406-00,0,0,0,0,0,0,0,0,0
A1802-0200-00,0,0,0,0,0,0,0,0,0
A1802-0204-00,0,0,0,0,0,0,0,0,0
A1802-0207-00,0,0,0,0,0,0,0,0,0
A1802-0212-00,0,0,0,0,0,0,0,0,0
A1802-0213-00,0,0,0,0,0,0,0,0,0
A1802-0215-00,0,0,0,0,0,0,0,0,0
A1802-0217-00,0,0,0,0,0,0,0,0,0
A1802-0218-00,0,0,0,0,0,0,0,0,0
A1802-0224-00,0,0,0,0,0,0,0,0,0
A1802-0225-00,0,0,0,0,0,0,0,0,0
A1802-0231-00,0,0,0,0,0,0,0,0,0
A1802-0236-00,0,0,0,0,0,0,0,0,0
A1802-0244-00,0,0,0,0,0,0,0,0,0
A1802-0248-00,0,0,0,0,0,0,0,0,0
A1802-0250-00,0,0,0,0,0,0,0,0,0
A1802-0252-00,1,0,0,0,0,0,0,0,0
A1802-0256-00,0,0,0,0,0,0,0,0,0
A1802-0265-00,0,0,0,0,0,0,0,0,0
A1802-0268-00,0,0,0,0,0,0,0,0,0
A1802-0270-00,0,0,0,0,0,0,0,0,0
A1802-0274-00,0,0,0,0,0,0,0,0,0
A1802-0276-00,0,0,0,0,0,0,0,0,0
A1802-0258-00,0,0,0,0,0,0,0,0,0
A1802-0262-00,0,0,0,0,0,0,0,0,0
A1802-0264-00,0,0,0,0,0,0,0,0,0
A1802-0272-00,0,0,0,0,0,0,0,0,0
A1802-0273-00,0,0,0,0,0,0,0,0,0
A1802-0281-00,0,0,0,0,0,0,0,0,0
A1802-0286-00,0,0,0,0,0,0,0,0,0
A1802-0287-00,1,0,0,0,0,0,0,0,0
A1802-0289-00,0,0,0,0,0,0,0,0,0
A1802-0293-00,0,0,0,0,0,0,0,0,0
A1801-0766-00,0,0,0,0,0,0,0,0,0
A1801-0775-00,0,0,0,0,0,0,0,0,0
A1801-0780-00,1,0,0,0,0,0,0,0,0
A1801-0783-00,0,0,0,0,0,0,0,0,0
A1801-0789-00,2,0,0,0,0,0,0,0,0
A1801-0792-00,1,0,0,0,0,0,0,0,0
A1801-0797-00,0,0,0,0,0,0,0,0,0
A1801-0811-00,0,0,0,0,0,0,0,0,0
A1801-0813-00,0,0,0,0,0,0,0,0,0
A1801-0817-00,0,0,0,0,0,0,0,0,0
A1801-0820-00,1,0,0,0,0,0,0,0,0
A1801-0829-00,0,0,0,0,0,0,0,0,0
A1801-0832-00,0,0,0,0,0,0,0,0,0
A1801-0835-00,0,0,0,0,0,0,0,0,0
A1801-0852-00,0,0,0,0,0,0,0,0,0
A1801-0853-00,0,0,0,0,0,0,0,0,0
A1801-0855-00,0,0,0,0,0,0,0,0,0
A1801-0858-00,1,0,0,0,0,0,0,0,0
A1801-0861-00,2,0,0,0,0,0,0,0,0
A1801-0865-00,0,0,0,0,0,0,0,0,0
A1801-0871-00,0,0,0,0,0,0,0,0,0
A1801-0876-00,0,0,0,0,0,0,0,0,0
A1803-0353-00,3,3,0,0,0,0,0,0,0
A1803-0354-00,0,0,0,0,0,0,0,0,0
A1803-0361-00,0,0,0,0,0,0,0,0,0
A1803-0363-00,0,0,0,0,0,0,0,0,0
A1803-0366-00,0,0,0,0,0,0,0,0,0
A1803-0369-00,0,0,0,0,0,0,0,0,0
A1803-0376-00,0,0,0,0,0,0,0,0,0
A1803-0381-00,0,0,0,0,0,0,0,0,0
A1803-0382-00,0,0,0,0,0,0,0,0,0
A1803-0383-00,0,0,0,0,0,0,0,0,0
A1803-0394-00,0,0,0,0,0,0,0,0,0
A1802-0183-00,0,0,0,0,0,0,0,0,0
A1802-0188-00,0,0,0,0,0,0,0,0,0
A1802-0192-00,0,0,0,0,0,0,0,0,0
A1802-0198-00,0,0,0,0,0,0,0,0,0
A1802-0203-00,0,0,0,0,0,0,0,0,0
A1802-0209-00,2,9,0,0,0,0,0,0,1
A1802-0210-00,1,2,0,0,0,0,0,0,0
A1802-0216-00,0,0,0,0,0,0,0,0,0
A1802-0219-00,0,0,0,0,0,0,0,0,0
A1802-0220-00,0,0,0,0,0,0,0,0,0
A1802-0221-00,0,0,0,0,0,0,0,0,0
A1802-0229-00,0,0,0,0,0,0,0,0,0
A1802-0230-00,0,0,0,0,0,0,0,0,0
A1802-0233-00,0,0,0,0,0,0,0,0,0
A1802-0241-00,0,0,0,0,0,0,0,0,0
A1802-0242-00,0,0,0,0,0,0,0,0,0
A1802-0251-00,0,0,0,0,0,0,0,0,0
A1802-0254-00,0,0,0,0,0,0,0,0,0
A1802-0255-00,2,0,0,0,0,0,0,0,0
A1802-0260-00,0,0,0,0,0,0,0,0,0
A1802-0261-00,1,0,0,0,0,0,0,0,0
A1803-0003-00,0,0,0,0,0,0,0,0,0
A1802-0172-00,0,0,0,0,0,0,0,0,0
A1802-0173-00,1,8,0,0,0,0,0,0,0
A1802-0180-00,0,0,0,0,0,0,0,0,0
A1802-0187-00,0,0,0,0,0,0,0,0,0
A1802-0191-00,0,0,0,0,0,0,0,0,0
A1802-0197-00,0,0,0,0,0,0,0,0,0
A1802-0201-00,0,0,0,0,0,0,0,0,0
A1802-0205-00,0,0,0,0,0,0,0,0,0
A1802-0208-00,0,0,0,0,0,0,0,0,0
A1802-0222-00,1,0,0,0,0,0,0,0,0
A1802-0223-00,0,0,0,0,0,0,0,0,0
A1802-0226-00,0,0,0,0,0,0,0,0,0
A1802-0227-00,0,0,0,0,0,0,0,0,0
A1802-0228-00,0,0,0,0,0,0,0,0,0
A1802-0232-00,0,0,0,0,0,0,0,0,0
A1802-0235-00,0,0,0,0,0,0,0,0,0
A1802-0237-00,0,0,0,0,0,0,0,0,0
A1802-0246-00,2,0,0,0,0,0,0,0,0
A1802-0249-00,1,0,0,0,0,0,0,0,0
A1802-0259-00,1,0,0,0,0,0,0,0,0
A1802-0267-00,0,0,0,0,0,0,0,0,0
A1802-0269-00,0,0,0,0,0,0,0,0,0
A1802-0271-00,0,0,0,0,0,0,0,0,0
A1802-0277-00,0,0,0,0,0,0,0,0,0
A1802-0278-00,0,0,0,0,0,0,0,0,0
A1802-0282-00,0,0,0,0,0,0,0,0,0
A1802-0295-00,1,0,0,0,0,0,0,0,0
A1802-0297-00,0,0,0,0,0,0,0,0,0
A1802-0298-00,1,309,0,0,0,0,0,0,0
A1802-0299-00,3,0,0,0,0,0,0,0,1
A1802-0300-00,0,0,0,0,0,0,0,0,0
A1802-0280-00,0,0,0,0,0,0,0,0,0
A1802-0283-00,0,0,0,0,0,0,0,0,0
A1802-0288-00,0,0,0,0,0,0,0,0,0
A1802-0290-00,0,0,0,0,0,0,0,0,0
A1802-0296-00,0,0,0,0,0,0,0,0,0
A1802-0301-00,0,0,0,0,0,0,0,0,0
A1803-0412-00,0,0,0,0,0,0,0,0,0
A1801-0819-00,0,0,0,0,0,0,0,0,0
A1801-0827-00,0,0,0,0,0,0,0,0,0
A1801-0828-00,0,0,0,0,0,0,0,0,0
A1801-0830-00,0,0,0,0,0,0,0,0,0
A1801-0833-00,0,0,0,0,0,0,0,0,0
A1801-0837-00,0,0,0,0,0,0,0,0,0
A1801-0840-00,0,0,0,0,0,0,0,0,0
A1801-0841-00,3,0,0,0,0,0,0,0,0
A1801-0843-00,0,0,0,0,0,0,0,0,0
A1801-0851-00,0,0,0,0,0,0,0,0,0
A1801-0859-00,0,0,0,0,0,0,0,0,0
A1801-0863-00,0,0,0,0,0,0,0,0,0
A1801-0866-00,0,0,0,0,0,0,0,0,0
A1801-0868-00,0,0,0,0,0,0,0,0,1
A1801-0870-00,0,0,0,0,0,0,0,0,0
A1801-0872-00,0,0,0,0,0,0,0,0,0
A1801-0874-00,0,0,0,0,0,0,0,0,0
A1801-0875-00,0,0,0,0,0,0,0,0,0
A1801-0879-00,0,0,0,0,0,0,0,0,0
A1801-0882-00,0,0,0,0,0,0,0,0,0
A1801-0895-00,0,0,0,0,0,0,0,0,0
A1801-0901-00,0,0,0,0,0,0,0,0,0
A1801-0903-00,0,0,0,0,0,0,0,0,0
A1801-0905-00,0,0,0,0,0,0,0,0,0
A1801-0911-00,0,0,0,0,0,0,0,0,0
A1801-0884-00,0,0,0,0,0,0,0,0,0
A1801-0886-00,0,0,0,0,0,0,0,0,0
A1801-0887-00,0,0,0,0,0,0,0,0,0
A1801-0894-00,0,0,0,0,0,0,0,0,0
A1801-0897-00,0,0,0,0,0,0,0,0,0
A1801-0899-00,0,0,0,0,0,0,0,0,0
A1801-0902-00,0,0,0,0,0,0,0,0,0
A1801-0904-00,0,0,0,0,0,0,0,0,0
A1801-0906-00,0,0,0,0,0,0,0,0,0
A1801-0914-00,1,0,0,0,0,0,0,0,0
A1801-0921-00,0,0,0,0,0,0,0,0,0
A1801-0925-00,0,0,0,0,0,0,0,0,0
A1801-0926-00,0,0,0,0,0,0,0,0,0
A1801-0930-00,0,0,0,0,0,0,0,0,0
A1801-0933-00,0,0,0,0,0,0,0,0,0
A1801-0936-00,0,0,0,0,0,0,1,0,1
A1801-0942-00,0,0,0,0,0,0,0,0,0
A1801-0947-00,0,0,0,0,0,0,0,0,0
A1801-0950-00,0,0,0,0,0,0,0,0,0
A1801-0956-00,0,0,0,0,0,0,0,0,0
A1801-0957-00,0,0,0,0,0,0,0,0,0
A1801-0958-00,0,0,0,0,0,0,0,0,0
A1801-0960-00,0,0,0,0,0,0,0,0,0
A1801-0966-00,0,0,0,0,0,0,0,0,0
A1801-0968-00,0,0,0,0,0,0,0,0,0
A1802-0532-00,0,0,0,0,0,0,0,0,0
A1802-0538-00,0,0,0,0,0,0,0,0,0
A1802-0542-00,0,0,0,0,0,0,0,0,0
A1802-0543-00,0,0,0,0,0,0,0,0,0
A1802-0544-00,0,0,0,0,0,0,0,0,0
A1802-0565-00,0,0,0,0,0,0,0,0,0
A1802-0567-00,1,0,0,0,0,0,0,0,0
A1802-0263-00,0,0,0,0,0,0,0,0,0
A1802-0266-00,0,0,0,0,0,0,0,0,0
A1802-0275-00,0,0,0,0,0,0,0,0,0
A1802-0279-00,0,0,0,0,0,0,0,0,0
A1802-0284-00,0,0,0,0,0,0,0,0,0
A1802-0285-00,1,0,0,0,0,0,0,0,0
A1802-0291-00,0,0,0,0,0,0,0,0,0
A1802-0292-00,0,0,0,0,0,0,0,0,0
A1802-0294-00,0,0,0,0,0,0,0,0,0
A1803-0409-00,0,0,0,0,0,0,0,0,0
A1801-0786-00,0,0,0,0,0,0,0,0,0
A1801-0790-00,0,0,0,0,0,0,0,0,0
A1801-0795-00,0,0,0,0,0,0,0,0,0
A1801-0796-00,0,0,0,0,0,0,0,0,0
A1801-0802-00,0,0,0,0,0,0,0,0,0
A1801-0804-00,0,0,0,0,0,0,0,0,0
A1801-0812-00,0,0,0,0,0,0,0,0,0
A1801-0822-00,0,0,0,0,0,0,0,0,0
A1801-0824-00,0,0,0,0,0,0,0,0,0
A1801-0826-00,0,0,0,0,0,0,0,0,0
A1801-0838-00,0,0,0,0,0,0,0,0,0
A1801-0842-00,0,0,0,0,0,0,0,0,0
A1801-0848-00,1,0,0,0,0,0,0,0,0
A1801-0849-00,0,0,0,0,0,0,0,0,0
A1801-0854-00,0,0,0,0,0,0,0,0,0
A1801-0857-00,0,0,0,0,0,0,0,0,0
A1801-0869-00,0,0,0,0,0,0,0,0,0
A1801-0873-00,0,0,0,0,0,0,0,0,0
A1801-0880-00,0,0,0,0,0,0,0,0,0
A1801-0881-00,0,0,0,0,0,0,0,0,0
A1801-0883-00,0,0,0,0,0,0,0,0,0
A1801-0888-00,0,0,0,0,0,0,0,0,0
A1803-0410-00,0,0,0,0,0,0,0,0,0
A1803-0411-00,0,0,0,0,0,0,0,0,0
A1803-0276-00,0,0,0,0,0,0,0,0,0
A1803-0280-00,0,0,0,0,0,0,0,0,0
A1803-0281-00,0,0,0,0,0,0,0,0,0
A1803-0284-00,0,0,0,0,0,0,0,0,0
A1803-0289-00,0,0,0,0,0,0,0,0,0
A1803-0292-00,0,0,0,0,0,0,0,0,0
A1803-0295-00,0,0,0,0,0,0,0,0,0
A1803-0298-00,0,0,0,0,0,0,0,0,0
A1803-0300-00,0,0,0,0,0,0,0,0,0
A1803-0303-00,0,0,0,0,0,0,0,0,0
A1803-0307-00,0,0,0,0,0,0,0,0,0
A1803-0308-00,0,0,0,0,0,0,0,0,0
A1803-0314-00,0,0,1,0,1,0,0,0,0
A1803-0316-00,0,0,0,0,0,0,0,0,0
A1803-0320-00,0,0,0,0,0,0,0,0,0
A1803-0328-00,0,0,0,0,0,0,0,0,0
A1803-0333-00,0,0,0,0,0,0,0,0,0
A1803-0339-00,0,0,0,0,0,0,0,0,0
A1803-0340-00,0,0,0,0,0,0,0,0,0
A1803-0341-00,0,0,0,0,0,0,0,0,0
A1803-0343-00,0,0,0,0,0,0,0,0,0
A1803-0349-00,0,0,0,0,0,0,0,0,0
A1803-0356-00,0,0,0,0,0,0,0,0,0
A1803-0375-00,0,0,0,0,0,0,0,0,0
A1803-0377-00,0,0,0,0,0,0,0,0,0
A1803-0379-00,0,0,0,0,0,0,0,0,0
A1803-0388-00,0,0,0,0,0,0,0,0,0
A1803-0392-00,0,0,0,0,0,0,0,0,0
A1803-0393-00,0,0,0,0,0,0,0,0,0
A1803-0395-00,0,0,0,0,0,0,0,0,0
A1801-0920-00,1,0,0,0,0,0,0,0,0
A1801-0922-00,0,0,0,0,0,0,0,0,0
A1801-0931-00,0,0,0,0,0,0,0,0,0
A1801-0932-00,0,0,0,0,0,0,0,0,0
A1801-0944-00,0,0,0,0,0,0,0,0,0
A1801-0948-00,0,0,0,0,0,0,0,0,0
A1801-0953-00,0,0,0,0,0,0,0,0,0
A1801-0959-00,0,0,0,0,0,0,0,0,0
A1801-0963-00,0,0,0,0,0,0,0,0,0
A1801-0965-00,0,0,0,0,0,0,0,0,0
A1801-0967-00,0,0,0,0,0,0,0,0,0
A1801-0972-00,0,0,0,0,0,0,0,0,0
A1801-0974-00,0,0,0,0,0,0,0,0,0
A1801-0975-00,0,0,0,0,0,0,0,0,0
A1802-0571-00,0,0,0,0,0,0,1,0,0
A1802-0576-00,0,0,0,0,0,0,0,0,0
A1802-0578-00,0,0,0,0,0,0,0,0,0
A1802-0580-00,0,0,0,0,0,0,0,0,0
A1802-0589-00,0,0,0,0,0,0,0,0,0
A1802-0593-00,2,0,0,0,0,0,0,0,0
A1802-0595-00,0,0,0,0,0,0,0,0,0
A1802-0604-00,0,0,0,0,0,0,0,0,0
A1802-0608-00,0,0,0,0,0,0,0,0,0
A1802-0609-00,1,0,0,0,0,0,0,0,0
A1802-0611-00,0,0,0,0,0,0,0,0,0
A1802-0612-00,0,0,0,0,0,0,0,0,0
A1802-0613-00,0,0,0,0,0,0,0,0,0
A1802-0616-00,0,0,0,0,0,0,0,0,0
A1802-0617-00,0,0,0,0,0,0,0,0,0
A1802-0621-00,0,0,0,0,0,0,0,0,0
A1802-0623-00,0,0,0,0,0,0,0,0,0
A1802-0633-00,0,0,0,0,0,0,0,0,0
A1801-0890-00,0,0,0,0,0,0,0,0,0
A1801-0892-00,0,0,0,0,0,0,0,0,1
A1801-0898-00,0,0,0,0,0,0,0,0,0
A1801-0907-00,0,0,0,0,0,0,0,0,0
A1801-0908-00,0,0,0,0,0,0,0,0,0
A1801-0910-00,0,0,0,0,0,0,0,0,0
A1801-0912-00,0,0,0,0,0,0,0,0,0
A1801-0917-00,0,0,0,0,0,0,0,0,0
A1801-0918-00,0,0,0,0,0,0,0,0,0
A1801-0919-00,0,0,0,0,0,0,0,0,0
A1801-0924-00,0,0,0,0,0,0,0,0,0
A1801-0934-00,0,0,0,0,0,0,0,0,0
A1801-0938-00,1,0,0,0,0,0,0,0,0
A1801-0939-00,0,0,0,0,0,0,0,0,0
A1801-0940-00,0,0,0,0,0,0,0,0,0
A1801-0941-00,0,0,0,0,0,0,0,0,1
A1801-0943-00,0,0,0,0,0,0,0,0,0
A1801-0949-00,0,0,0,0,0,0,0,0,0
A1801-0951-00,0,0,0,0,0,0,0,0,0
A1801-0954-00,0,0,0,0,0,0,0,0,0
A1801-0970-00,0,0,0,0,0,0,0,0,0
A1801-0976-00,0,0,0,0,0,0,0,0,0
A1802-0509-00,0,0,0,0,0,0,0,0,0
A1802-0511-00,0,0,0,0,0,0,0,0,0
A1802-0512-00,0,0,0,0,0,0,0,0,0
A1802-0513-00,0,0,0,0,0,0,0,0,0
A1802-0523-00,2,0,0,0,0,0,0,0,0
A1802-0526-00,0,0,0,0,0,0,0,0,0
A1802-0528-00,0,0,0,0,0,0,0,0,0
A1802-0533-00,2,0,0,0,0,0,0,0,0
A1802-0541-00,0,0,0,0,0,0,0,0,0
A1802-0547-00,0,0,0,0,0,0,0,0,0
A1802-0549-00,0,0,0,0,0,0,0,0,0
A1802-0550-00,0,0,0,0,0,0,0,0,0
A1802-0551-00,0,0,0,0,0,0,0,0,0
A1802-0552-00,0,0,0,0,0,0,0,0,0
A1802-0554-00,1,0,0,0,0,0,0,0,0
A1802-0557-00,0,0,0,0,0,0,0,0,0
A1802-0559-00,0,0,0,0,0,0,0,0,0
A1802-0560-00,0,0,0,0,0,0,0,0,0
A1802-0564-00,4,0,0,0,0,0,0,0,0
A1802-0569-00,0,0,0,0,0,0,0,0,0
A1802-0581-00,0,0,0,0,0,0,0,0,0
A1802-0582-00,3,1,0,0,0,0,0,0,0
A1802-0585-00,0,0,0,0,0,0,0,0,0
A1802-0586-00,0,0,0,0,0,0,0,0,0
A1802-0597-00,0,0,0,0,0,0,0,0,0
A1802-0601-00,0,0,0,0,0,0,0,0,0
A1802-0615-00,0,0,0,0,0,0,0,0,0
A1802-0619-00,2,62,0,0,0,0,0,0,0
A1802-0622-00,0,0,0,0,0,0,0,0,0
A1802-0628-00,0,0,0,0,0,0,0,0,0
A1802-0630-00,1,0,0,0,0,0,0,0,0
A1802-0632-00,0,0,0,0,0,0,0,0,0
A1802-0635-00,0,0,0,0,0,0,0,0,0
A1802-0641-00,0,0,0,0,0,0,0,0,0
A1802-0644-00,0,0,0,0,0,0,0,0,0
A1802-0647-00,0,0,0,0,0,0,0,0,0
A1802-0648-00,0,0,0,0,0,0,0,0,0
A1802-0649-00,0,0,0,0,0,0,0,0,0
A1802-0651-00,0,0,0,0,0,0,0,0,0
A1802-0654-00,0,0,0,0,0,0,0,0,0
A1802-0657-00,1,0,0,0,0,0,0,0,0
A1802-0660-00,0,0,0,0,0,0,0,0,0
A1803-0397-00,0,0,0,0,0,0,0,0,0
A1803-0399-00,0,0,0,0,0,0,0,0,0
A1803-0400-00,0,0,0,0,0,0,0,0,0
A1803-0401-00,0,0,0,0,0,0,0,0,0
A1803-0404-00,0,0,0,0,0,0,0,0,0
A1803-0405-00,0,0,0,0,0,0,0,0,0
A1803-0407-00,0,0,0,0,0,0,0,0,0
A1803-0408-00,0,0,0,0,0,0,0,0,0
A1801-0973-00,0,0,0,0,0,0,0,0,0
A1802-0637-00,0,0,0,0,0,0,0,0,0
A1802-0638-00,0,0,0,0,0,0,0,0,0
A1802-0646-00,0,0,0,0,0,0,0,0,0
A1802-0655-00,0,0,0,0,0,0,0,0,0
A1802-0656-00,1,0,0,0,0,0,0,0,0
A1802-0658-00,0,0,0,0,0,0,0,0,0
A1802-0661-00,2,0,0,0,0,0,0,0,0
A1802-0665-00,0,0,0,0,0,0,0,0,0
A1802-0667-00,0,0,0,0,0,0,0,0,0
A1802-0668-00,1,0,0,0,0,0,0,0,0
A1802-0670-00,0,0,0,0,0,0,0,0,0
A1802-0671-00,3,21,0,0,0,0,0,0,0
A1802-0675-00,0,0,0,0,0,0,0,0,0
A1802-0679-00,1,15,0,0,0,0,0,0,0
A1802-0680-00,0,0,0,0,0,0,0,0,0
A1802-0683-00,0,0,0,0,0,0,0,0,0
A1802-0691-00,0,0,0,0,0,0,0,0,0
A1802-0694-00,0,0,0,0,0,0,0,0,0
A1802-0695-00,0,0,0,0,0,0,0,0,0
A1802-0703-00,0,0,0,0,0,0,0,0,0
A1802-0708-00,0,0,0,0,0,0,0,0,0
A1802-0709-00,0,0,0,0,0,0,0,0,0
A1802-0664-00,0,0,0,0,0,0,0,0,0
A1802-0666-00,0,0,0,0,0,0,0,0,0
A1802-0669-00,0,0,0,0,0,0,0,0,0
A1802-0672-00,1,0,0,0,0,0,0,0,0
A1802-0690-00,0,0,0,0,0,0,0,0,0
A1802-0692-00,0,0,0,0,0,0,0,0,0
A1802-0693-00,0,0,0,0,0,0,0,0,0
A1802-0699-00,0,0,0,0,0,0,0,0,0
A1802-0702-00,0,0,0,0,0,0,0,0,0
A1802-0704-00,0,0,0,0,0,0,0,0,0
A1802-0706-00,0,0,0,0,0,0,0,0,0
A1802-0711-00,0,0,0,0,0,0,0,0,0
A1802-0712-00,0,0,0,0,0,0,0,0,0
A1802-0573-00,0,0,0,0,0,0,0,0,0
A1802-0574-00,0,0,0,0,0,0,0,0,0
A1802-0583-00,0,0,0,0,0,0,0,0,0
A1802-0591-00,0,0,0,0,0,0,0,0,0
A1802-0596-00,0,0,0,0,0,0,0,0,0
A1802-0599-00,0,0,0,0,0,0,0,0,0
A1802-0602-00,0,0,0,0,0,0,0,0,0
A1802-0605-00,1,0,0,0,0,0,0,0,0
A1802-0610-00,0,0,0,0,0,0,0,0,0
A1802-0618-00,0,0,0,0,0,0,0,0,0
A1802-0624-00,0,0,0,0,0,0,0,0,0
A1802-0626-00,0,0,0,0,0,0,0,0,0
A1802-0627-00,0,0,0,0,0,0,0,0,0
A1802-0629-00,0,0,0,0,0,0,0,0,0
A1802-0634-00,1,0,0,0,0,0,0,0,0
A1802-0639-00,0,0,0,0,0,0,0,0,0
A1802-0643-00,0,0,0,0,0,0,0,0,0
A1802-0653-00,0,0,0,0,0,0,0,0,0
A1802-0662-00,0,0,0,0,0,0,0,0,0
A1802-0684-00,0,0,0,0,0,0,0,0,0
A1802-0685-00,0,0,0,0,0,0,0,0,0
A1802-0688-00,0,0,0,0,0,0,0,0,0
A1802-0689-00,0,0,0,0,0,0,0,0,0
A1802-0697-00,0,0,0,0,0,0,0,0,0
A1802-0700-00,0,0,0,0,0,0,0,0,0
A1802-0707-00,0,0,0,0,0,0,0,0,0
A1802-0713-00,0,0,0,0,0,0,0,0,0
A1802-0714-00,0,0,0,0,0,0,0,0,0
A1803-0001-00,0,0,0,0,0,0,0,0,0
